ticker,name,sector,Earnings_expectation,irv_status,capm_status,esg_status,current_price,annu_return_10y,market_cap,marketcap_cat,beta,eps_ttm,growth_estimate_5y,pe_forward,pe_trailing,irv_FairValue,socialScore,governanceScore,environmentScore,ESG_risk,percentile
A,"Agilent Technologies, Inc.",Healthcare,Increase,Above Fair Price,OverValued,Sustainable,132.0500030517578,16.852985248347863,39.663B,Large,1.04,3.94,0.1231,28.215815,33.51523,53.35728367338098,8.65,6.34,0.34,15.33,10.48
AAP,Advance Auto Parts Inc.,Consumer Cyclical,Increase,Above Fair Price,UnderValued,Sustainable,218.8000030517578,10.299689019525982,13.368B,Large,1.25,9.55,0.1525,14.235524,22.910995,111.55914312582716,9.17,3.7,0.1,12.97,5.74
AAPL,Apple Inc.,Technology,Increase,Above Fair Price,OverValued,Sustainable,167.3000030517578,26.658994594701625,2.73T,Large,1.19,6.01,0.1485,25.50305,27.8138,82.60441052939281,6.86,8.76,0.65,16.27,12.87
ABBV,AbbVie Inc.,Healthcare,Increase,Above Fair Price,OverValued,Average,144.02999877929688,19.63287556232998,254.628B,Large,0.8,6.45,0.040999999999999995,11.738386,22.330233,29.389958716683346,16.92,9.98,1.12,28.01,53.78
ABC,AmerisourceBergen Corporation,Healthcare,Increase,Above Fair Price,OverValued,Sustainable,141.5,16.451440242439872,29.593B,Large,0.48,7.71,0.10339999999999999,12.229905,18.34803,48.74500029503159,6.35,5.5,0.84,12.69,5.25
ABT,Abbott Laboratories,Healthcare,Increase,Above Fair Price,OverValued,Average,116.79000091552734,18.132660310194492,206.519B,Large,0.74,3.94,0.1318,22.633722,29.642132,50.585064289418504,13.54,9.39,3.03,25.96,46.02
ACN,Accenture plc,Technology,Increase,Above Fair Price,OverValued,Sustainable,321.17999267578125,20.9644856545103,202.986B,Large,1.21,9.61,0.11289999999999999,30.942196,33.411007,119.5109437423,4.32,4.83,0.29,9.45,1.88
ADBE,Adobe Inc.,Technology,Increase,Above Fair Price,OverValued,Sustainable,442.55999755859375,29.824141542952788,209.042B,Large,1.01,10.02,0.1535,27.200983,44.167664,227.41545865990946,5.65,4.64,0.48,10.78,2.83
ADI,"Analog Devices, Inc.",Technology,Increase,Above Fair Price,OverValued,Average,160.36000061035156,17.570590143738094,84.242B,Large,1.11,3.46,0.1478,18.843714,46.34682,78.81002492294039,7.53,7.03,9.25,23.82,37.54
ADM,Archer-Daniels-Midland Company,Consumer Defensive,Increase,Above Fair Price,UnderValued,Not Sustainable,76.38999938964844,12.345808689613214,42.736B,Large,0.9,4.63,0.1,15.981171,16.49892,25.60118779418571,13.16,5.04,18.23,36.42,81.21
ADP,"Automatic Data Processing, Inc.",Industrials,Increase,Above Fair Price,OverValued,Sustainable,200.4499969482422,18.153545653948044,84.466B,Large,0.83,6.32,0.14029999999999998,26.834003,31.71677,92.86832042849753,7.18,5.94,1.07,14.18,8.22
ADSK,"Autodesk, Inc.",Technology,Increase,Below Fair Price,UnderValued,Sustainable,216.83999633789062,18.989884660819058,47.699B,Large,1.4,5.93,0.2883,31.748169,36.578945,301.3896756803758,9.22,4.87,1.37,15.45,10.77
AEE,Ameren Corporation,Utilities,Increase,Above Fair Price,OverValued,Average,84.66999816894531,14.262805684622348,21.811B,Large,0.35,3.84,0.079,20.95792,22.06672,23.87544374417673,7.63,5.69,15.74,29.05,57.76
AEP,American Electric Power Company,Utilities,Increase,Above Fair Price,OverValued,Not Sustainable,85.70999908447266,11.984268884003546,42.546B,Large,0.35,4.76,0.055,17.245474,17.99874,19.715628854961768,7.16,5.56,17.83,30.55,63.21
AES,The AES Corporation,Utilities,Increase,Above Fair Price,UnderValued,Not Sustainable,21.260000228881836,7.567721157627338,14.174B,Large,0.86,0.78,0.086,12.884849,27.396906,6.381958720239726,8.31,5.95,20.79,35.05,77.35
AFL,AFLAC Incorporated,Financial Services,Decrease,Above Fair Price,UnderValued,Sustainable,63.16999816894531,12.922064509284702,41.789B,Large,0.99,6.17,0.039,11.986717,10.24323,12.675101845540794,7.26,9.57,0.47,17.3,15.64
AIG,"American International Group, I",Financial Services,Decrease,Below Fair Price,UnderValued,Average,61.72999954223633,10.54719295789248,51.254B,Large,1.38,6.38,0.3069,11.51679,9.6801,97.62727904920912,10.81,14.71,1.87,27.39,51.29
AIZ,"Assurant, Inc.",Financial Services,Decrease,Above Fair Price,OverValued,Average,165.5399932861328,16.44752187056071,9.432B,Large,0.63,22.64,0.172,13.6923065,7.3128066,98.1744454318107,10.1,12.81,1.66,24.57,40.56
AJG,Arthur J. Gallagher & Co.,Financial Services,Increase,Above Fair Price,OverValued,Average,154.27999877929688,19.362018946708236,31.979B,Large,0.69,4.62,0.122,25.842546,33.379486,61.76561553736812,9.18,12.49,0.13,21.79,30.06
AKAM,"Akamai Technologies, Inc.",Technology,Increase,Above Fair Price,OverValued,Sustainable,100.33000183105469,10.362390506351815,16.302B,Large,0.54,3.64,0.12,16.890572,27.555616,39.53330771394423,10.35,7.66,1.93,19.94,23.77
ALB,Albemarle Corporation,Basic Materials,Increase,Below Fair Price,UnderValued,Average,190.75999450683594,12.966975620678056,22.314B,Large,1.53,1.87,0.2983,31.953098,102.22936,284.76211079336815,5.58,7.96,15.86,29.4,59.06
ALL,Allstate Corporation (The),Financial Services,Decrease,Above Fair Price,UnderValued,Not Sustainable,125.88999938964844,17.229178342455786,36.09B,Large,,10.83,-0.05,11.854049,11.624192,11.276988046610587,7.7,11.39,1.74,20.84,26.9
ALLE,Allegion plc,Industrials,Increase,Above Fair Price,UnderValued,Average,114.12999725341797,9.717982839052542,10.237B,Large,1.14,5.09,0.07769999999999999,19.952797,22.440031,31.835496084153707,4.54,6.3,12.75,23.59,36.78
AMAT,"Applied Materials, Inc.",Technology,Increase,Above Fair Price,OverValued,Sustainable,133.35000610351562,28.667015408464415,118.483B,Large,1.38,6.4,0.1654,15.067797,20.835938,75.1549508971204,2.62,5.13,3.84,11.6,3.71
AME,"AMETEK, Inc.",Industrials,Increase,Above Fair Price,UnderValued,Average,128.22000122070312,15.492514934350044,29.66B,Large,1.31,3.99,-0.012,23.788498,32.135338,16.347739562896273,9.95,7.69,8.32,25.95,46.0
AMGN,Amgen Inc.,Healthcare,Increase,Above Fair Price,OverValued,Sustainable,220.77000427246094,15.285675265567612,124.352B,Large,0.64,9.7,0.0592,12.299164,22.757448,52.64855831701056,12.8,6.12,0.03,18.95,20.66
AMP,"Ameriprise Financial, Inc.",Financial Services,Increase,Below Fair Price,UnderValued,Average,300.55999755859375,21.16181396076746,33.63B,Large,1.61,18.4,0.2518,12.198052,16.338335,322.4999010164059,7.54,12.29,2.8,22.63,33.18
AMT,American Tower Corporation (REI,Real Estate,Decrease,Above Fair Price,OverValued,Sustainable,228.44000244140625,15.815142743228506,104.035B,Large,0.34,5.51,0.16579999999999998,41.83883,41.48175,129.21548697215374,3.44,5.0,2.43,10.87,2.92
AMZN,"Amazon.com, Inc.",Consumer Cyclical,Increase,Below Fair Price,OverValued,Not Sustainable,3052.030029296875,32.55305604409846,1.548T,Large,1.13,51.1,0.36,59.228218,59.727783,6904.574362612969,14.25,9.84,5.95,30.03,61.58
ANET,"Arista Networks, Inc.",Technology,Increase,Above Fair Price,OverValued,Sustainable,125.91999816894531,24.789832291067814,38.695B,Large,1.17,2.46,0.1827,36.60465,51.12464,80.93310127663162,9.06,8.34,0.4,17.8,17.2
ANSS,"ANSYS, Inc.",Technology,Increase,Above Fair Price,UnderValued,Sustainable,299.57000732421875,16.510530775253528,26.138B,Large,1.24,5.32,0.1118,37.72922,56.33133,110.55823732560576,7.32,4.97,0.86,13.16,6.14
ANTM,"Anthem, Inc.",Healthcare,Increase,Above Fair Price,OverValued,Sustainable,446.239990234375,22.86516273392145,108.309B,Large,1.05,22.23,0.1338,15.575567,20.075579,196.39257181168168,5.76,5.8,0.03,11.59,3.71
AOS,A.O. Smith Corporation,Industrials,Increase,Above Fair Price,OverValued,Average,71.19999694824219,21.744237750503757,11.332B,Large,1.13,2.89,0.08,20.51873,24.636677,20.22940983459255,11.61,6.47,7.12,25.2,42.98
APD,"Air Products and Chemicals, Inc",Basic Materials,Increase,Above Fair Price,OverValued,Sustainable,241.97000122070312,14.084693319948748,53.641B,Large,0.8,9.44,0.12960000000000002,20.593191,25.643282,103.02845734918209,1.28,3.59,5.94,10.81,2.86
APH,Amphenol Corporation,Technology,Increase,Above Fair Price,OverValued,Average,76.2300033569336,19.511870237262197,45.588B,Large,1.26,2.38,0.14400000000000002,28.550562,32.02941,36.36215025859451,5.52,8.04,8.04,21.6,29.39
APTV,Aptiv PLC,Consumer Cyclical,Increase,Below Fair Price,UnderValued,Sustainable,141.14999389648438,19.76705222962758,38.183B,Large,2.1,2.94,0.46259999999999996,30.61822,47.993877,614.2606960139121,4.59,5.18,3.73,13.49,6.78
ARE,Alexandria Real Estate Equities,Real Estate,Decrease,Above Fair Price,OverValued,Sustainable,185.61000061035156,13.486510283320463,28.763B,Large,0.84,6.51,0.001,60.656864,28.494013,26.603008005643535,6.27,5.9,2.98,15.15,10.03
ATO,Atmos Energy Corporation,Utilities,Increase,Above Fair Price,OverValued,Not Sustainable,106.04000091552734,15.957044142022925,14.072B,Large,0.5,5.12,0.07200000000000001,18.003397,20.710938,28.178134573734965,12.31,6.67,12.8,31.78,67.35
ATVI,"Activision Blizzard, Inc",Communication Services,Increase,Above Fair Price,OverValued,Sustainable,81.05000305175781,22.07153242665152,63.129B,Large,0.67,3.37,0.1326,21.328949,24.043312,35.31853246790514,12.48,6.49,0.15,19.12,21.2
AVB,"AvalonBay Communities, Inc.",Real Estate,Decrease,Above Fair Price,UnderValued,Sustainable,235.08999633789062,9.478026601196031,32.852B,Large,0.95,7.24,0.0254,59.971935,32.493435,41.904768900784944,2.92,4.4,2.95,10.28,2.34
AVGO,Broadcom Inc.,Technology,Increase,Above Fair Price,OverValued,Average,579.989990234375,35.51880586640388,239.463B,Large,1.03,15.0,0.1474,16.088488,38.666,284.14731508039176,8.66,7.8,8.96,25.42,43.74
AVY,Avery Dennison Corporation,Industrials,Increase,Above Fair Price,OverValued,Sustainable,180.8699951171875,22.27511849515529,14.975B,Large,1.01,8.91,0.0916,18.588902,20.306501,56.594468417865414,1.93,3.66,12.05,17.64,16.64
AWK,"American Water Works Company, I",Utilities,Increase,Above Fair Price,UnderValued,Average,148.25999450683594,18.574594090985165,26.915B,Large,,4.2,0.08199999999999999,33.020046,35.31682,42.851464630966134,9.08,5.27,13.1,27.45,51.63
AXP,American Express Company,Financial Services,Increase,Below Fair Price,UnderValued,Not Sustainable,194.8800048828125,15.585879731944496,150.945B,Large,1.24,9.57,0.433,20.153051,20.357256,705.5638650204369,11.78,8.51,0.05,20.34,25.25
AZO,"AutoZone, Inc.",Consumer Cyclical,Increase,Above Fair Price,OverValued,Sustainable,1920.010009765625,18.23366032314233,39.618B,Large,0.89,102.57,0.14,16.438442,18.719204,887.4437515611772,7.17,4.12,0.05,11.34,3.41
BAC,Bank of America Corporation,Financial Services,Decrease,Below Fair Price,UnderValued,Average,45.959999084472656,20.67540088976747,376.14B,Large,1.51,3.34,0.2432,14.544303,13.760479,46.33812672830537,14.37,11.28,1.62,27.27,50.84
BAX,Baxter International Inc.,Healthcare,Increase,Above Fair Price,OverValued,Average,82.3499984741211,12.272136882211292,41.232B,Large,0.64,2.38,0.1117,18.801369,34.659092,30.40689189111341,15.59,8.97,2.55,27.1,50.26
BBWI,"Bath & Body Works, Inc.",Consumer Cyclical,Decrease,Above Fair Price,UnderValued,Sustainable,52.279998779296875,9.531346699582755,13.474B,Large,1.76,5.74,0.1363,12.5975895,9.106427,23.463154705118196,7.78,6.12,2.48,16.37,13.16
BBY,"Best Buy Co., Inc.",Consumer Cyclical,Decrease,Above Fair Price,UnderValued,Sustainable,97.70999908447266,17.555238600013556,23.505B,Large,1.59,10.34,0.094,10.586133,9.446968,31.164367866263575,7.26,4.85,2.22,14.33,8.48
BDX,"Becton, Dickinson and Company",Healthcare,Increase,Above Fair Price,OverValued,Average,264.0400085449219,14.969685106984087,75.263B,Large,0.72,6.85,0.091,19.30117,38.545986,82.18298800532384,15.14,9.34,3.83,28.31,54.83
BEN,"Franklin Resources, Inc.",Financial Services,Increase,Above Fair Price,UnderValued,Sustainable,30.3700008392334,0.9092158006958728,15.24B,Large,1.2,3.57,0.0949,7.9921055,8.507003,9.76122548543279,9.27,9.07,1.16,19.51,22.4
BF-B,Brown Forman Inc,Consumer Defensive,Increase,Above Fair Price,OverValued,Average,66.5199966430664,14.812569173573031,31.099B,Large,0.81,1.6,0.1059,35.010525,41.574997,23.39291662306521,9.9,5.64,6.82,22.36,32.17
BIIB,Biogen Inc.,Healthcare,Increase,Above Fair Price,UnderValued,Not Sustainable,209.7899932861328,6.134457416135919,30.817B,Large,0.44,10.22,-0.065,11.32164,20.533424,16.289442084062415,12.76,7.85,0.02,20.62,26.14
BIO,"Bio-Rad Laboratories, Inc.",Healthcare,Decrease,Above Fair Price,OverValued,Not Sustainable,583.760009765625,19.030183298560367,17.458B,Large,0.87,220.48,0.17800000000000002,43.145603,2.6477258,362.4426213436513,12.3,6.9,1.49,20.69,26.42
BK,The Bank of New York Mellon Cor,Financial Services,Increase,Above Fair Price,UnderValued,Average,56.380001068115234,12.193026424311437,46.56B,Large,1.15,3.92,0.1356,12.33698,14.364331,25.135606391459714,9.83,10.99,1.97,22.79,33.78
BKNG,Booking Holdings Inc. Common St,Consumer Cyclical,Increase,Below Fair Price,UnderValued,Average,2616.409912109375,16.164534256851184,107.429B,Large,1.22,9.25,2.1141,26.065052,282.85513,10242081.428693783,12.45,7.18,2.02,21.65,29.6
BLK,"BlackRock, Inc.",Financial Services,Increase,Above Fair Price,OverValued,Not Sustainable,756.02001953125,17.571328702552513,114.852B,Large,1.2,37.61,0.1315,17.893965,20.103174,326.69947068376484,9.7,9.48,1.49,20.66,26.33
BLL,Ball Corporation,Consumer Cyclical,Increase,Above Fair Price,OverValued,Sustainable,90.61000061035156,17.25413625149912,29.348B,Large,0.48,2.43,0.1564,22.2629,37.318783,47.664597971147835,1.27,3.94,8.62,13.83,7.49
BR,"Broadridge Financial Solutions,",Technology,Increase,Above Fair Price,OverValued,Sustainable,142.3800048828125,21.783039401859284,16.598B,Large,0.88,4.66,0.11800000000000001,20.224432,30.586466,55.28163647123872,9.01,6.62,0.82,16.45,13.39
BRK-B,Berkshire Hathaway Inc. New,Financial Services,Decrease,Above Fair Price,OverValued,Sustainable,314.79998779296875,14.734968464517273,704.922B,Large,0.9,56269.56,0.233,24.670845,0.0055944985,294.7079228441706,3.8,11.97,0.58,16.35,13.12
BRO,"Brown & Brown, Inc.",Financial Services,Increase,Above Fair Price,OverValued,Average,66.13999938964844,19.95417207532939,18.68B,Large,0.73,2.05,0.1322,28.882095,32.27916,28.75238543794711,10.89,12.82,0.18,23.89,37.8
BSX,Boston Scientific Corporation,Healthcare,Increase,Above Fair Price,OverValued,Average,42.54999923706055,21.68017821639918,60.633B,Large,0.87,0.77,0.23,22.754011,55.3316,39.02109012047018,13.0,10.09,2.75,25.84,45.49
BWA,BorgWarner Inc.,Consumer Cyclical,Increase,Below Fair Price,UnderValued,Sustainable,43.560001373291016,2.0542318307199325,10.444B,Large,1.47,3.21,0.278,9.228814,13.578554,56.341146682715575,4.33,6.52,2.6,13.44,6.69
BXP,"Boston Properties, Inc.",Real Estate,Increase,Above Fair Price,UnderValued,Sustainable,121.19999694824219,5.049549838194456,18.932B,Large,1.16,2.04,0.07,39.737705,59.2955,31.607878210514315,4.95,5.11,3.51,13.57,6.96
C,"Citigroup, Inc.",Financial Services,Decrease,Above Fair Price,UnderValued,Average,64.13999938964844,8.440487915771655,127.271B,Large,1.69,10.56,0.19,8.170701,6.0750146,43.633830264015906,12.77,13.34,1.66,27.77,52.91
CAG,"ConAgra Brands, Inc.",Consumer Defensive,Increase,Above Fair Price,UnderValued,Not Sustainable,36.02000045776367,8.948881738669701,17.278B,Large,0.79,2.48,0.022400000000000003,13.643939,14.51834,6.24662812273289,16.45,4.77,11.7,32.92,71.08
CAH,"Cardinal Health, Inc.",Healthcare,Increase,Above Fair Price,UnderValued,Sustainable,54.18000030517578,5.834790953178848,15.267B,Large,1.0,3.87,0.071,8.73871,13.985544,14.262150256769834,5.9,4.75,1.51,12.17,4.42
CAT,"Caterpillar, Inc.",Industrials,Increase,Below Fair Price,UnderValued,Not Sustainable,191.9499969482422,8.468934169125841,103.834B,Large,0.9,9.35,0.3224,17.610092,20.533804,337.4706666051678,18.47,8.62,7.18,34.28,75.25
CB,Chubb Limited,Financial Services,Decrease,Below Fair Price,OverValued,Average,204.7100067138672,14.2225627588485,88.177B,Large,0.79,19.67,0.2883,14.166782,10.40722,284.43405806415865,11.87,10.67,1.62,24.16,38.95
CBOE,"Cboe Global Markets, Inc.",Financial Services,Increase,Above Fair Price,OverValued,Sustainable,118.80999755859375,17.629762436149598,12.67B,Large,0.63,4.18,0.0747,19.834724,28.39627,32.263558029053065,7.43,9.28,2.85,19.55,22.55
CBRE,CBRE Group Inc,Real Estate,Increase,Above Fair Price,UnderValued,Sustainable,99.69000244140625,18.166834132846187,33.363B,Large,1.4,4.29,0.11,17.675533,23.237762,36.24497810918159,2.48,3.24,1.27,6.99,1.2
CCI,Crown Castle International Corp,Real Estate,Increase,Above Fair Price,OverValued,Sustainable,162.33999633789062,15.339164920660831,70.164B,Large,0.54,2.87,0.179,49.04532,56.544754,101.52848430199371,2.92,5.06,5.21,13.2,6.19
CDNS,"Cadence Design Systems, Inc.",Technology,Increase,Above Fair Price,OverValued,Sustainable,134.9499969482422,27.400639433335083,37.4B,Large,1.07,2.48,0.182,37.907303,54.41532,86.38127268265029,7.35,4.73,1.06,13.13,6.09
CDW,CDW Corporation,Technology,Increase,Above Fair Price,OverValued,Sustainable,181.75999450683594,26.794175457865222,24.669B,Large,1.1,7.12,0.131,19.951702,25.542439,78.26998381225013,3.29,3.45,2.4,9.14,1.74
CE,Celanese Corporation Celanese C,Basic Materials,Decrease,Below Fair Price,UnderValued,Not Sustainable,144.25,12.866212286658119,15.705B,Large,1.27,24.79,0.2942,9.147115,5.8184094,208.82515070056175,7.64,7.47,15.42,30.53,63.15
CERN,Cerner Corporation,Healthcare,Increase,Above Fair Price,UnderValued,Average,91.44999694824219,10.067671520231158,26.723B,Large,0.84,1.7,0.1352,24.850542,53.794113,40.69345416909922,14.23,7.5,0.11,21.84,30.24
CF,"CF Industries Holdings, Inc.",Basic Materials,Increase,Below Fair Price,UnderValued,Not Sustainable,73.2699966430664,10.072027129650696,15.715B,Large,1.05,1.38,0.627,7.183333,53.0942,831.9621822610662,9.11,5.37,18.16,32.64,70.19
CFG,"Citizens Financial Group, Inc.",Financial Services,Decrease,Above Fair Price,UnderValued,Average,53.25,11.150306527226395,22.695B,Large,1.59,4.98,-0.0276,13.115764,10.692771,5.883199849033847,10.18,10.15,1.88,22.21,31.54
CHD,"Church & Dwight Company, Inc.",Consumer Defensive,Decrease,Above Fair Price,OverValued,Sustainable,98.77999877929688,17.09713408490796,24.695B,Large,0.41,3.28,0.0775,30.772585,30.134226,27.502921890902858,6.53,6.59,6.53,19.66,22.91
CHRW,"C.H. Robinson Worldwide, Inc.",Industrials,Increase,Above Fair Price,UnderValued,Sustainable,91.9800033569336,5.7288912580247375,11.956B,Large,0.76,5.65,0.12390000000000001,15.203306,16.29118,37.43169315637914,9.49,5.63,4.71,19.83,23.41
CHTR,"Charter Communications, Inc.",Communication Services,Increase,Below Fair Price,OverValued,Average,596.8300170898438,25.273240349261282,107.006B,Large,0.94,21.94,0.36939999999999995,19.086346,27.199106,1436.3279304624095,13.1,7.71,5.57,26.38,47.63
CI,Cigna Corporation,Healthcare,Decrease,Above Fair Price,OverValued,Sustainable,228.64999389648438,17.807885822350467,75.781B,Large,0.88,24.03,0.11019999999999999,10.180321,9.516377,83.27715071622552,5.99,5.65,0.02,11.65,2.83
CINF,Cincinnati Financial Corporatio,Financial Services,Decrease,Above Fair Price,OverValued,Average,125.58000183105469,16.887070363622712,20.236B,Large,0.69,15.53,0.1439,24.290136,8.086285,59.85528192777757,8.51,13.85,1.88,24.24,39.23
CL,Colgate-Palmolive Company,Consumer Defensive,Increase,Above Fair Price,UnderValued,Average,79.55000305175781,7.91861555768989,67.049B,Large,0.62,3.14,0.061200000000000004,23.466078,25.334394,19.297665820999118,9.35,6.72,6.06,22.12,31.27
CLX,Clorox Company (The),Consumer Defensive,Increase,Above Fair Price,OverValued,Average,150.5500030517578,11.321478342278212,18.497B,Large,0.2,3.47,-0.0174,22.571215,43.42371,18.286756404101528,8.5,5.64,7.72,21.87,30.36
CMA,Comerica Incorporated,Financial Services,Decrease,Above Fair Price,UnderValued,Average,95.86000061035156,15.055400683373431,12.572B,Large,1.51,8.03,-0.107,16.44254,11.936247,4.919669335522855,12.87,12.25,2.01,27.12,50.37
CMCSA,Comcast Corporation,Communication Services,Increase,Above Fair Price,OverValued,Average,46.63999938964844,14.37529627050349,213.094B,Large,0.94,3.11,0.18100000000000002,12.639566,15.001608,29.637169340909384,12.11,8.13,4.56,24.8,41.42
CME,CME Group Inc.,Financial Services,Increase,Above Fair Price,OverValued,Sustainable,236.6199951171875,19.946090041244947,85.041B,Large,0.46,6.78,0.051399999999999994,32.281036,34.899704,52.80227476432642,6.21,6.24,2.13,14.59,8.89
CMG,"Chipotle Mexican Grill, Inc.",Consumer Cyclical,Increase,Below Fair Price,UnderValued,Average,1523.3199462890625,14.787214967743445,42.859B,Large,1.26,24.91,0.4464,45.9662,61.160316,5999.68718527081,14.05,5.25,5.03,24.32,39.54
CMI,Cummins Inc.,Industrials,Increase,Above Fair Price,UnderValued,Sustainable,218.0500030517578,8.6789714433948,31.188B,Large,1.03,15.21,0.1852,11.941402,14.33502,143.00187889668587,7.5,6.06,5.8,19.36,21.92
CMS,CMS Energy Corporation,Utilities,Decrease,Above Fair Price,OverValued,Average,62.5099983215332,14.798642907129334,18.109B,Large,0.25,3.02,0.0562,21.780489,20.719257,14.547421752014888,5.78,5.43,9.8,21.01,27.44
CNC,Centene Corporation,Healthcare,Increase,Above Fair Price,OverValued,Average,82.05999755859375,20.75979987438665,47.882B,Large,0.54,1.25,0.10800000000000001,15.056881,65.70056,29.37828022164931,15.62,6.92,0.14,22.69,33.39
CNP,"CenterPoint Energy, Inc (Holdin",Utilities,Decrease,Above Fair Price,UnderValued,Average,26.610000610351562,7.567245481107188,16.734B,Large,0.96,1.57,0.018000000000000002,18.872341,16.916721,4.432362606525751,9.56,5.42,10.58,25.56,44.35
COF,Capital One Financial Corporati,Financial Services,Decrease,Below Fair Price,UnderValued,Average,153.9600067138672,14.18958622276605,65.529B,Large,1.65,26.74,0.452,7.9730716,5.757882,627.7882048199522,13.46,9.71,0.05,23.22,35.37
COO,"The Cooper Companies, Inc.",Healthcare,Decrease,Above Fair Price,OverValued,Not Sustainable,388.9800109863281,17.456121886119668,19.219B,Large,0.86,59.16,0.1,23.819963,6.575051,130.3619651740218,10.73,7.01,3.1,20.84,26.93
COP,ConocoPhillips,Energy,Increase,Above Fair Price,UnderValued,Not Sustainable,89.62999725341797,8.276652555986374,118.217B,Large,1.62,3.69,-0.018000000000000002,11.491025,24.309736,10.826783188018446,9.71,7.64,17.53,34.87,76.88
COST,Costco Wholesale Corporation,Consumer Defensive,Increase,Above Fair Price,OverValued,Average,512.6699829101562,23.01596328442055,227.334B,Large,0.68,11.63,0.0998,36.72421,44.081684,171.53421958327348,11.13,6.11,6.07,23.31,35.7
CPB,Campbell Soup Company,Consumer Defensive,Decrease,Above Fair Price,UnderValued,Average,44.95000076293945,6.380528930575058,13.563B,Large,0.5,3.12,0.0236,15.446735,14.402435,7.878661721308126,8.02,4.74,9.93,22.68,33.36
CPRT,"Copart, Inc.",Industrials,Increase,Above Fair Price,OverValued,Average,122.31999969482422,26.586754951153058,29.013B,Large,1.05,4.15,0.223,26.47619,29.474697,106.42042780454616,11.76,6.82,4.13,22.71,33.47
CRM,Salesforce.com Inc,Technology,Increase,Above Fair Price,OverValued,Sustainable,196.83999633789062,19.95790236247781,193.887B,Large,1.07,1.82,0.1002,41.79193,108.27283,66.1492741442242,6.54,4.43,2.34,13.31,6.44
CSCO,"Cisco Systems, Inc.",Technology,Increase,Above Fair Price,UnderValued,Sustainable,57.209999084472656,14.14799462041878,241.289B,Large,0.98,2.69,0.0655,15.546195,21.267656,14.392705355024198,5.59,6.21,0.03,11.83,4.01
CSX,CSX Corporation,Industrials,Increase,Above Fair Price,OverValued,Not Sustainable,34.65999984741211,19.38901998763125,76.875B,Large,1.22,1.59,0.17550000000000002,19.47191,21.81246,21.124912293079426,9.19,3.61,7.45,20.25,24.9
CTAS,Cintas Corporation,Industrials,Increase,Above Fair Price,OverValued,Average,371.57000732421875,26.956063512018957,38.518B,Large,1.46,10.7,0.11900000000000001,31.015862,34.71968,145.2511940946095,9.61,7.26,4.54,21.41,28.74
CTRA,Coterra Energy Inc.,Energy,Increase,Below Fair Price,OverValued,Not Sustainable,22.59000015258789,7.004886255180143,18.379B,Large,-0.13,0.88,0.7331,6.327731,25.69966,453.431921835143,14.01,9.28,23.39,46.68,95.73
CTSH,Cognizant Technology Solutions ,Technology,Increase,Above Fair Price,UnderValued,Sustainable,86.36000061035156,9.929750425622942,45.886B,Large,1.13,3.55,0.1398,19.106195,24.36107,39.90910860424269,10.43,5.92,1.11,17.47,16.17
CTXS,"Citrix Systems, Inc.",Technology,Increase,Above Fair Price,OverValued,Sustainable,101.87999725341797,6.042305087807498,12.707B,Large,0.04,2.52,0.065,19.405714,40.460682,25.542867515995308,7.97,5.92,0.68,14.57,8.88
CVS,CVS Health Corporation,Healthcare,Increase,Above Fair Price,UnderValued,Average,102.12999725341797,11.265550834354322,134.818B,Large,0.81,5.73,0.0571,12.349455,17.826845,23.93113005530668,16.39,6.44,0.03,22.86,34.12
CVX,Chevron Corporation,Energy,Increase,Above Fair Price,UnderValued,Not Sustainable,133.4199981689453,6.414521879113089,257.192B,Large,1.27,5.17,-0.049,14.029442,25.79161,12.058216850950124,10.86,9.95,22.42,43.22,92.23
D,"Dominion Energy, Inc.",Utilities,Increase,Above Fair Price,OverValued,Average,79.1500015258789,8.90697639313438,64.104B,Large,0.44,3.17,0.069,19.164648,24.96058,20.502306556161194,8.96,6.27,13.01,28.24,54.55
DD,"DuPont de Nemours, Inc.",Basic Materials,Decrease,Above Fair Price,UnderValued,Average,78.7699966430664,9.260197515118707,40.811B,Large,1.26,10.82,0.1373,15.945343,7.2793636,35.63571417558649,8.12,7.08,13.44,28.64,56.07
DE,Deere & Company,Industrials,Increase,Above Fair Price,OverValued,Sustainable,369.1000061035156,18.43417460123291,113.464B,Large,0.98,18.99,0.1244,14.693471,19.436546,150.7026984668964,9.4,3.7,3.78,16.87,14.53
DFS,Discover Financial Services,Financial Services,Decrease,Below Fair Price,UnderValued,Not Sustainable,123.80999755859375,17.662473451347836,36.286B,Large,1.64,16.72,0.556,9.218912,7.4031324,940.6489274820511,10.98,9.83,0.11,20.91,27.15
DG,Dollar General Corporation,Consumer Defensive,Increase,Above Fair Price,OverValued,Sustainable,199.97000122070312,17.715330920911242,46.334B,Large,0.5,10.23,0.0662,17.775112,19.5455,50.60110062777219,8.56,5.28,3.27,17.11,15.11
DGX,Quest Diagnostics Incorporated,Healthcare,Decrease,Above Fair Price,UnderValued,Not Sustainable,131.3800048828125,10.829229357368519,16.117B,Large,1.02,16.63,-0.07780000000000001,14.94653,7.898756,9.006715602161714,12.67,8.1,0.13,20.9,27.11
DHI,"D.R. Horton, Inc.",Consumer Cyclical,Increase,Above Fair Price,UnderValued,Average,83.44000244140625,20.961864667182127,29.72B,Large,1.63,11.41,0.106,5.464309,7.312884,29.36702228636734,7.19,6.02,9.34,22.55,32.89
DHR,Danaher Corporation,Healthcare,Increase,Above Fair Price,OverValued,Sustainable,266.92999267578125,26.11655735940177,190.742B,Large,0.7,7.88,0.223,26.324455,33.86577,232.17461095964785,9.76,6.59,1.38,17.73,17.01
DIS,Walt Disney Company (The),Communication Services,Increase,Below Fair Price,UnderValued,Sustainable,151.36000061035156,15.059935992994289,275.121B,Large,1.19,1.09,0.3788,29.913044,138.35466,386.03013007373045,7.1,7.24,0.07,14.4,8.61
DISCA,"Discovery, Inc. - Series A",Communication Services,Increase,Above Fair Price,UnderValued,Sustainable,29.860000610351562,2.736517392253557,14.85B,Large,1.31,1.5,0.0354,9.33125,19.973244,5.823750403554306,8.83,8.4,0.13,17.36,15.83
DISH,DISH Network Corporation,Communication Services,Decrease,Above Fair Price,UnderValued,Average,28.959999084472656,0.3437286929083516,15.314B,Large,2.11,4.16,-0.2556,10.454873,6.963212,0.2889679451532597,11.47,9.81,1.62,22.9,34.29
DLR,"Digital Realty Trust, Inc.",Real Estate,Decrease,Below Fair Price,OverValued,Sustainable,135.1999969482422,11.462643339894063,38.368B,Large,0.22,2.37,0.243,87.22581,57.02235,136.05767846822428,3.7,6.1,3.23,13.02,5.82
DLTR,"Dollar Tree, Inc.",Consumer Defensive,Increase,Above Fair Price,OverValued,Sustainable,142.83999633789062,12.495403933681072,32.133B,Large,0.75,5.94,0.149,19.12182,24.039043,70.83914628010686,7.41,4.27,3.4,15.08,9.88
DVA,DaVita Inc.,Healthcare,Decrease,Above Fair Price,UnderValued,Average,115.48999786376953,10.384372146813314,11.768B,Large,1.24,8.56,0.1444,13.781623,13.487096,55.243641314070075,12.53,8.94,0.09,21.55,29.27
DVN,Devon Energy Corporation,Energy,Increase,Below Fair Price,UnderValued,Not Sustainable,54.779998779296875,-1.0157385225596505,37.086B,Large,3.06,2.01,0.25,10.474187,27.199602,57.89461428975485,8.97,7.7,17.74,34.41,75.74
DXC,DXC Technology Company,Technology,Increase,Below Fair Price,UnderValued,Sustainable,35.619998931884766,14.06562656461816,8.985B,Large,2.4,1.52,0.284,8.28372,23.43421,48.0251312151002,9.69,5.24,1.26,16.19,12.63
EMN,Eastman Chemical Company,Basic Materials,Increase,Above Fair Price,UnderValued,Average,121.27999877929688,11.10788546054251,16.305B,Large,1.53,3.73,0.204,12.686192,32.54965,91.74512110996568,5.5,7.81,11.51,24.81,41.51
EMR,Emerson Electric Company,Industrials,Increase,Above Fair Price,UnderValued,Not Sustainable,92.7699966430664,9.290028318284849,55.263B,Large,1.51,3.82,0.1069,17.372658,24.28534,32.890651730937236,14.1,7.04,9.8,30.94,64.59
EOG,"EOG Resources, Inc.",Energy,Increase,Below Fair Price,UnderValued,Not Sustainable,111.62000274658203,8.43159524378505,65.308B,Large,2.01,5.19,0.711,11.297571,21.519184,1994.953071103682,8.13,7.73,20.39,36.25,80.84
EQIX,"Equinix, Inc.",Real Estate,Increase,Below Fair Price,OverValued,Sustainable,692.9400024414062,20.27825999426176,62.393B,Large,0.36,4.74,0.37,89.64295,146.09741,1673.3831982866955,5.76,5.7,3.25,14.71,9.11
EQR,Equity Residential,Real Estate,Decrease,Above Fair Price,UnderValued,Sustainable,84.36000061035156,8.94260269729159,31.64B,Large,0.81,2.82,0.065,58.17931,29.883104,21.111093329368224,2.89,5.14,2.94,10.97,2.97
ESS,"Essex Property Trust, Inc.",Real Estate,Decrease,Above Fair Price,OverValued,Sustainable,315.42999267578125,11.776660931406013,20.531B,Large,0.75,6.87,0.079,61.72798,45.91412,88.87619339399089,3.48,6.51,3.9,13.89,7.61
ETN,"Eaton Corporation, PLC",Industrials,Increase,Above Fair Price,OverValued,Sustainable,153.36000061035156,20.856122378050056,61.129B,Large,1.21,5.15,0.21239999999999998,20.668463,29.761305,123.29969152752065,6.63,5.69,4.87,17.19,15.38
ETR,Entergy Corporation,Utilities,Increase,Above Fair Price,OverValued,Not Sustainable,104.62000274658203,9.102111688972103,21.027B,Large,0.61,6.18,0.06,16.501577,16.931543,25.12622482963524,7.4,6.64,16.23,30.28,62.34
EW,Edwards Lifesciences Corporatio,Healthcare,Increase,Above Fair Price,OverValued,Sustainable,105.62000274658203,23.849021839418793,65.942B,Large,1.09,2.33,0.1531,40.93799,45.427956,54.22147253697105,8.85,7.69,2.86,19.39,21.99
EXC,Exelon Corporation,Utilities,Increase,Above Fair Price,OverValued,Average,41.630001068115234,9.71455690212295,40.727B,Large,0.48,1.71,-0.004699999999999999,12.539157,24.34503,5.671290611574668,8.97,6.34,9.05,24.36,39.67
EXPD,Expeditors International of Was,Industrials,Decrease,Above Fair Price,UnderValued,Sustainable,106.22000122070312,10.655586751554914,17.994B,Large,0.79,6.76,0.078,16.806961,15.717669,29.68883276912965,7.31,5.12,3.83,16.26,12.84
EXR,Extra Space Storage Inc,Real Estate,Increase,Above Fair Price,OverValued,Sustainable,187.47999572753906,25.837253224277102,25.102B,Large,0.32,5.38,0.06,33.658886,34.821693,44.98569003578471,4.28,5.86,3.81,13.94,7.74
F,Ford Motor Company,Consumer Cyclical,Increase,Below Fair Price,UnderValued,Average,18.040000915527344,7.6737769085321705,72.092B,Large,1.08,0.71,0.7767000000000001,9.065327,25.301544,450.4242201762435,11.34,8.96,9.27,29.57,59.71
FAST,Fastenal Company,Industrials,Increase,Above Fair Price,UnderValued,Average,51.20000076293945,9.987815285199076,29.448B,Large,1.22,1.54,0.0633,29.595375,33.246754,12.643337667554354,8.66,7.05,10.69,26.4,47.67
FB,"Meta Platforms, Inc.",Communication Services,Increase,Above Fair Price,UnderValued,Not Sustainable,206.16000366210938,18.353201986636257,573.488B,Large,1.28,13.97,0.21350000000000002,14.487702,14.753113,167.1581446644545,21.01,10.41,1.02,32.44,69.64
FBHS,"Fortune Brands Home & Security,",Consumer Cyclical,Increase,Above Fair Price,UnderValued,Average,88.79000091552734,17.720180461393475,12.052B,Large,1.63,5.42,0.2,14.071316,16.387966,65.13958634969977,3.66,7.34,13.9,24.9,41.83
FCX,"Freeport-McMoRan, Inc.",Basic Materials,Increase,Below Fair Price,UnderValued,Not Sustainable,43.02000045776367,1.9192805898051502,63.174B,Large,2.07,2.64,0.289,12.11831,16.289284,60.04427694396609,10.54,5.45,18.5,34.5,75.88
FDS,FactSet Research Systems Inc.,Financial Services,Increase,Above Fair Price,OverValued,Not Sustainable,403.010009765625,17.714248730692628,15.233B,Large,0.75,10.53,0.0713,29.742435,38.272556,106.46459926257016,10.88,6.44,2.84,20.15,24.55
FDX,FedEx Corporation,Industrials,Increase,Above Fair Price,UnderValued,Not Sustainable,222.22999572753906,10.350368540834577,58.884B,Large,1.29,18.18,0.17559999999999998,9.653779,12.2232,135.45792996299264,9.32,5.84,5.29,20.45,25.56
FE,FirstEnergy Corp.,Utilities,Increase,Above Fair Price,UnderValued,Not Sustainable,40.97999954223633,3.892298161826724,23.366B,Large,0.33,2.01,-0.066,16.392,20.367792,3.147395618305551,9.63,7.06,17.39,34.08,74.51
FFIV,"F5, Inc.",Technology,Increase,Above Fair Price,UnderValued,Sustainable,201.69000244140625,4.865289011469942,12.349B,Large,1.05,5.34,0.128,15.3027315,37.76966,84.75311523745404,12.49,5.47,1.26,19.23,21.51
FIS,Fidelity National Information S,Technology,Increase,Above Fair Price,OverValued,Sustainable,95.63999938964844,13.704223103270795,58.239B,Large,0.75,0.36,0.15039999999999998,12.941813,265.66666,47.96990463129666,11.14,5.83,1.27,18.23,18.49
FISV,"Fiserv, Inc.",Technology,Increase,Above Fair Price,OverValued,Sustainable,94.12999725341797,19.146375933919614,62.148B,Large,0.83,1.93,0.1873,14.548686,48.772022,62.728040524477144,10.73,6.41,1.19,18.34,18.83
FITB,Fifth Third Bancorp,Financial Services,Decrease,Above Fair Price,UnderValued,Sustainable,48.22999954223633,16.441937318346532,32.917B,Large,1.45,3.62,-0.0298,14.397016,13.330569,5.223939414170348,8.21,9.24,1.24,18.68,19.85
FLT,"FleetCor Technologies, Inc.",Technology,Increase,Above Fair Price,UnderValued,Sustainable,233.50999450683594,20.49240958120624,18.961B,Large,1.43,9.69,0.1635,15.272073,24.10799,129.73934751893117,10.26,6.52,1.07,17.85,17.37
FMC,FMC Corporation,Basic Materials,Increase,Above Fair Price,UnderValued,Not Sustainable,116.88999938964844,12.042421568800199,14.816B,Large,0.86,4.57,0.0736,15.20026,25.58328,31.487950259197916,13.54,7.25,17.86,38.66,85.34
FRC,FIRST REPUBLIC BANK,Financial Services,Increase,Above Fair Price,OverValued,Average,168.58999633789062,21.076355734951324,30.226B,Large,1.11,7.26,0.1598,20.459951,23.212172,90.94729394481723,9.83,12.26,1.74,23.82,37.57
FRT,Federal Realty Investment Trust,Real Estate,Decrease,Above Fair Price,UnderValued,Sustainable,118.08000183105469,5.679647919630115,9.185B,Large,1.13,3.02,0.067,51.56332,39.151196,30.124593304887927,4.34,5.82,2.27,12.42,4.3
FTNT,"Fortinet, Inc.",Technology,Increase,Above Fair Price,OverValued,Sustainable,304.8500061035156,27.814018804936214,49.843B,Large,1.15,3.32,0.16829999999999998,66.12798,91.767006,175.59149549714937,12.19,5.88,1.23,19.3,21.76
FTV,Fortive Corporation,Technology,Decrease,Below Fair Price,UnderValued,Not Sustainable,63.75,4.850348217415412,22.859B,Large,1.2,4.58,0.3923,20.698053,13.907067,177.98601286424565,13.91,5.32,15.63,34.87,76.86
GD,General Dynamics Corporation,Industrials,Increase,Above Fair Price,UnderValued,Not Sustainable,215.82000732421875,14.494451900153948,60.262B,Large,1.08,11.65,0.0855,17.33494,18.522142,64.17635190049218,19.52,6.87,8.48,34.88,76.91
GILD,"Gilead Sciences, Inc.",Healthcare,Increase,Above Fair Price,OverValued,Average,61.04999923706055,12.738538157463042,76.58B,Large,0.35,5.84,0.0132,8.977941,10.446612,9.757406157270449,14.04,8.01,0.03,22.08,31.13
GIS,"General Mills, Inc.",Consumer Defensive,Increase,Above Fair Price,OverValued,Average,68.1500015258789,9.6753317998423,41.109B,Large,0.51,3.63,0.0463,17.385204,18.784454,14.56467070993444,9.44,4.13,8.09,21.66,29.64
GL,Globe Life Inc.,Financial Services,Increase,Above Fair Price,UnderValued,Not Sustainable,105.08000183105469,13.396293549001314,10.611B,Large,1.11,7.39,0.10310000000000001,12.752428,14.228842,36.144098552373414,7.92,11.37,1.56,20.85,26.96
GLW,Corning Incorporated,Technology,Increase,Above Fair Price,UnderValued,Sustainable,41.70000076293945,14.533579971207944,35.587B,Large,1.08,1.0,0.2214,17.974138,41.533867,35.71190765912696,5.24,6.87,7.3,19.42,22.08
GM,General Motors Company,Consumer Cyclical,Decrease,Above Fair Price,UnderValued,Not Sustainable,48.599998474121094,8.909165052366298,70.56B,Large,1.2,7.47,0.152,7.115666,6.5042825,24.67639710014216,12.92,7.69,10.28,30.89,64.42
GOOGL,Alphabet Inc.,Communication Services,Increase,Above Fair Price,OverValued,Average,2608.06005859375,23.84385705216705,1.731T,Large,1.07,103.81,0.21,23.199253,25.124609,2061.0867759557136,10.81,11.59,0.48,22.89,34.27
GPC,Genuine Parts Company,Consumer Cyclical,Increase,Above Fair Price,UnderValued,Sustainable,126.86000061035156,10.274878953657485,18.068B,Large,1.08,5.61,0.046,17.47383,22.617222,27.031909455000893,5.07,3.78,3.68,12.53,5.04
GPN,Global Payments Inc.,Industrials,Increase,Above Fair Price,OverValued,Sustainable,136.6199951171875,18.350306164518294,39.64B,Large,1.1,3.17,0.2026,14.246089,43.138615,102.25997838033972,10.92,6.95,1.31,19.18,21.36
GRMN,Garmin Ltd.,Technology,Increase,Above Fair Price,OverValued,Sustainable,114.5199966430664,14.21093222402925,22.025B,Large,0.98,5.86,0.10779999999999999,18.651466,19.549334,40.913936902179586,8.84,4.66,5.87,19.37,21.95
GS,"Goldman Sachs Group, Inc. (The)",Financial Services,Decrease,Above Fair Price,UnderValued,Average,346.0400085449219,13.274536753781717,115.431B,Large,1.5,60.63,0.1728,8.599403,5.7074056,206.45783179040805,13.05,10.68,1.25,24.98,42.06
GWW,"W.W. Grainger, Inc.",Industrials,Increase,Above Fair Price,UnderValued,Sustainable,473.92999267578125,10.679468792916769,24.417B,Large,1.24,17.5,0.15380000000000002,20.2881,27.089453,244.17575380987657,5.48,5.72,3.41,14.6,8.93
HAL,Halliburton Company,Energy,Increase,Below Fair Price,UnderValued,Average,32.2599983215332,0.31045847803663484,28.988B,Large,2.77,0.45,0.601,18.976469,72.17002,318.9927171216763,8.91,6.52,8.89,24.32,39.51
HAS,"Hasbro, Inc.",Consumer Cyclical,Increase,Above Fair Price,UnderValued,Sustainable,97.9800033569336,13.737689887643633,13.516B,Large,1.02,3.28,0.177,18.27985,29.890177,60.40598038005895,5.33,5.07,0.05,10.44,2.5
HBAN,Huntington Bancshares Incorpora,Financial Services,Increase,Above Fair Price,UnderValued,Not Sustainable,15.850000381469727,13.629905730615466,23.371B,Large,1.3,0.89,-0.0215,11.402878,17.769058,1.8483802639047753,10.54,7.84,1.96,20.34,25.23
HCA,"HCA Healthcare, Inc.",Healthcare,Decrease,Above Fair Price,OverValued,Average,244.10000610351562,27.83485670745829,75.921B,Large,1.65,19.53,0.15710000000000002,13.053475,12.4968,128.98183346451015,15.52,7.72,3.29,26.54,48.22
HD,"Home Depot, Inc. (The)",Consumer Cyclical,Increase,Above Fair Price,OverValued,Sustainable,346.8699951171875,24.870591415237975,362.216B,Large,0.99,14.95,0.13699999999999998,21.424953,23.19425,156.51470605092692,4.85,3.52,3.07,11.45,3.53
HES,Hess Corporation,Energy,Increase,Above Fair Price,UnderValued,Not Sustainable,93.87000274658203,5.309313415173111,29.074B,Large,2.0,0.63,-0.23399999999999999,20.057693,148.29384,1.2056243989627442,6.36,6.97,18.44,31.78,67.33
HIG,Hartford Financial Services Gro,Financial Services,Increase,Above Fair Price,UnderValued,Sustainable,70.52999877929688,15.26425199417345,24.005B,Large,1.07,6.01,0.1158,10.0470085,11.737394,26.878981601386535,6.34,8.53,1.5,16.38,13.2
HLT,Hilton Worldwide Holdings Inc.,Consumer Cyclical,Increase,Below Fair Price,UnderValued,Sustainable,150.41000366210938,13.636013103262234,41.923B,Large,1.23,0.14,2.7264999999999997,34.97907,1074.3572,2962622.4235453955,8.13,3.88,7.94,19.95,23.8
HOLX,"Hologic, Inc.",Healthcare,Decrease,Above Fair Price,UnderValued,Average,70.05000305175781,12.791804231296066,17.612B,Large,1.11,7.21,0.040999999999999995,18.100777,9.715673,14.294012607403571,13.27,10.52,4.79,28.58,55.86
HON,Honeywell International Inc.,Industrials,Increase,Above Fair Price,UnderValued,Average,182.1300048828125,14.686200315865893,125.382B,Large,1.17,7.77,0.1144,20.281738,23.440155,68.61844465467625,9.95,8.54,10.63,29.12,58.03
HPE,Hewlett Packard Enterprise Comp,Technology,Decrease,Above Fair Price,UnderValued,Sustainable,17.329999923706055,7.912537297695321,22.415B,Large,1.24,2.58,0.1776,7.949541,6.7170544,10.726750658285274,4.92,6.46,0.76,12.14,4.37
HPQ,HP Inc.,Technology,Decrease,Above Fair Price,UnderValued,Sustainable,36.20000076293945,13.789243712040001,39.194B,Large,1.01,5.33,0.1729,8.26484,6.791745,21.614584848233694,4.99,5.11,0.16,10.26,2.33
HRL,Hormel Foods Corporation,Consumer Defensive,Increase,Above Fair Price,OverValued,Average,47.45000076293945,14.838778755887173,25.745B,Large,0.08,1.66,0.071,22.382076,28.58434,12.503480918719319,11.45,6.11,11.62,29.18,58.23
HSIC,"Henry Schein, Inc.",Healthcare,Increase,Above Fair Price,UnderValued,Sustainable,83.47000122070312,11.102982537954741,11.575B,Large,0.79,4.39,0.16570000000000001,17.989225,19.000683,47.119898041335624,5.59,5.76,2.14,13.48,6.73
HSY,The Hershey Company,Consumer Defensive,Increase,Above Fair Price,OverValued,Average,202.58999633789062,15.46029546522365,41.734B,Large,0.41,6.89,0.0913,26.940159,29.41202,63.23112554063665,9.56,4.91,10.54,25.02,42.21
HUM,Humana Inc.,Healthcare,Increase,Above Fair Price,OverValued,Average,421.75,17.64882367605649,54.209B,Large,0.92,20.51,0.13,17.572916,20.564142,180.08257291290127,16.57,6.31,0.01,22.88,34.25
IBM,International Business Machines,Technology,Increase,Above Fair Price,UnderValued,Sustainable,124.3499984741211,0.040486840919440326,111.457B,Large,1.1,5.28,0.069,12.072815,23.537762,32.202373121589844,6.67,7.64,0.47,14.77,9.23
ICE,Intercontinental Exchange Inc.,Financial Services,Increase,Above Fair Price,OverValued,Sustainable,122.87000274658203,17.802331246131885,69.225B,Large,0.82,5.42,0.1142,22.138739,22.66556,46.208680624487215,7.98,6.9,1.68,16.56,13.7
IDXX,"IDEXX Laboratories, Inc.",Healthcare,Increase,Below Fair Price,OverValued,Not Sustainable,489.45001220703125,27.155563129004644,41.502B,Large,0.94,8.72,0.243,52.013817,56.142464,492.8758658780357,7.12,10.02,3.6,20.74,26.54
IEX,IDEX Corporation,Industrials,Increase,Above Fair Price,OverValued,Average,189.33999633789062,17.670163430491947,14.396B,Large,1.06,5.63,0.12,27.009985,33.6425,74.6531781142267,13.0,5.95,8.1,27.05,50.07
IFF,International Flavors & Fragran,Basic Materials,Increase,Above Fair Price,UnderValued,Average,134.7899932861328,11.200963423581456,34.31B,Large,1.04,1.17,0.0449,25.48015,115.501274,28.51902278044228,5.73,6.71,10.39,22.82,33.92
ILMN,"Illumina, Inc.",Healthcare,Decrease,Above Fair Price,OverValued,Sustainable,311.9700012207031,19.749234238500435,48.761B,Large,0.89,6.11,0.055,77.4119,51.067276,71.80347794895208,3.6,6.58,1.22,11.4,3.49
INCY,Incyte Corporation,Healthcare,Increase,Above Fair Price,OverValued,Average,68.52999877929688,15.020092371712623,15.138B,Large,0.72,2.41,0.15,15.646118,28.412106,34.236587730000004,18.26,7.38,0.11,25.74,45.06
INFO,IHS Markit Ltd.,Industrials,Increase,Above Fair Price,OverValued,Average,107.11000061035156,15.112568770585533,42.72B,Large,1.0,1.55,0.1112,30.257063,69.103226,39.32326375379843,14.37,6.79,0.05,21.21,28.02
INTC,Intel Corporation,Technology,Decrease,Above Fair Price,OverValued,Sustainable,45.040000915527344,8.097118911933944,183.178B,Large,0.54,5.16,0.0316,12.172973,8.732067,8.473409655318864,5.63,6.9,4.36,16.88,14.57
INTU,Intuit Inc.,Technology,Increase,Above Fair Price,OverValued,Sustainable,481.20001220703125,24.839177057750806,136.26B,Large,1.05,7.58,0.174,35.27859,63.47448,289.71479273524704,10.52,5.0,0.97,16.5,13.54
IP,International Paper Company,Consumer Cyclical,Increase,Above Fair Price,UnderValued,Average,46.7400016784668,8.374131545719333,18.101B,Large,0.96,4.54,0.192,9.98718,10.292888,32.26776160923387,4.57,5.15,14.89,24.6,40.65
IPG,"Interpublic Group of Companies,",Communication Services,Increase,Above Fair Price,OverValued,Sustainable,36.11000061035156,16.240904933259024,14.218B,Large,1.01,1.77,0.174,13.83525,20.38961,21.731239523559477,9.32,6.0,0.05,15.38,10.58
IPGP,IPG Photonics Corporation,Technology,Increase,Below Fair Price,UnderValued,Sustainable,136.80999755859375,9.152054994136826,7.293B,Large,1.34,4.87,0.315,23.386324,28.098171,228.68002393896808,3.52,5.15,3.25,11.92,4.11
IQV,"IQVIA Holdings, Inc.",Healthcare,Increase,Above Fair Price,UnderValued,Sustainable,228.27000427246094,18.41490200735474,43.609B,Large,1.4,3.93,0.2213,22.489656,58.098755,196.17787746543965,10.89,7.01,1.33,19.24,21.59
IRM,Iron Mountain Incorporated (Del,Real Estate,Decrease,Above Fair Price,OverValued,Sustainable,43.0099983215332,12.220529257069423,12.454B,Large,0.83,2.2,0.0644,26.066666,19.576694,10.734832377236465,4.29,5.53,5.32,15.14,10.0
ISRG,"Intuitive Surgical, Inc.",Healthcare,Increase,Above Fair Price,OverValued,Average,280.7799987792969,17.47338131831404,100.305B,Large,1.09,4.64,0.1721,50.409332,60.539024,166.6958662511803,13.94,10.88,4.97,29.8,60.5
IT,"Gartner, Inc.",Technology,Decrease,Above Fair Price,UnderValued,Average,288.2300109863281,22.23703934139831,23.704B,Large,1.55,8.02,0.21600000000000003,40.424965,35.916515,237.99080284272674,17.12,6.28,0.11,23.51,36.47
ITW,Illinois Tool Works Inc.,Industrials,Increase,Above Fair Price,OverValued,Not Sustainable,215.80999755859375,17.002061443856498,67.739B,Large,1.12,8.6,0.1392,23.741474,25.097105,99.13141530881619,9.17,6.54,4.38,20.1,24.31
IVZ,Invesco Ltd,Financial Services,Increase,Above Fair Price,UnderValued,Not Sustainable,22.469999313354492,3.2554482201655244,10.363B,Large,1.23,2.53,0.213,8.053763,8.881423,18.156817361203856,9.87,9.71,0.7,20.28,25.01
J,Jacobs Engineering Group Inc.,Industrials,Increase,Above Fair Price,UnderValued,Average,119.6500015258789,10.60327720314933,15.489B,Large,0.82,3.2,0.1303,14.555961,37.43742,51.27301778887953,13.75,7.71,3.9,25.36,43.56
JBHT,"J.B. Hunt Transport Services, I",Industrials,Increase,Above Fair Price,UnderValued,Sustainable,188.2899932861328,14.896194333143086,19.773B,Large,1.07,6.3,0.23,23.018335,29.8873,172.44979263563602,6.01,5.32,3.0,14.32,8.46
JCI,Johnson Controls International ,Industrials,Increase,Above Fair Price,UnderValued,Sustainable,65.37000274658203,14.3858730028815,46.042B,Large,1.1,2.27,0.19329999999999997,18.677143,28.772007,45.544110159527655,2.72,5.4,5.53,13.64,7.09
JKHY,"Jack Henry & Associates, Inc.",Technology,Increase,Above Fair Price,OverValued,Sustainable,172.4600067138672,19.195802623314883,12.769B,Large,0.6,4.3,0.14,33.48738,40.088333,79.67453840147657,9.71,5.24,1.24,16.2,12.65
JNJ,Johnson & Johnson,Healthcare,Increase,Above Fair Price,OverValued,Average,163.36000061035156,12.861976672174858,430.062B,Large,0.72,6.69,0.0819,15.737958,24.414886,47.14703076419726,18.01,8.53,0.74,27.29,50.91
JNPR,"Juniper Networks, Inc.",Technology,Increase,Above Fair Price,UnderValued,Sustainable,34.31999969482422,5.570922401678713,11.16B,Large,0.87,0.45,0.0935,17.510204,76.26667,10.904501728654607,8.35,6.86,1.66,16.88,14.54
JPM,JP Morgan Chase & Co.,Financial Services,Decrease,Above Fair Price,OverValued,Average,152.13999938964844,18.004060874931227,460.732B,Large,1.12,15.81,0.1057,12.710108,9.623632,53.41904319768548,16.61,11.61,1.11,29.33,58.81
K,Kellogg Company,Consumer Defensive,Increase,Above Fair Price,UnderValued,Average,66.06999969482422,5.797032994431239,22.538B,Large,0.59,3.67,0.0315,15.882212,18.01254,12.420913989019345,14.74,4.59,7.45,26.78,49.04
KEY,KeyCorp,Financial Services,Decrease,Above Fair Price,UnderValued,Average,25.639999389648438,15.617406085570318,23.872B,Large,1.47,2.57,0.146,12.630542,9.988314,12.438737701877299,11.14,10.28,1.89,23.31,35.75
KEYS,Keysight Technologies Inc.,Technology,Increase,Above Fair Price,OverValued,Sustainable,160.58999633789062,18.978914847384676,29.395B,Large,0.96,4.78,0.12,21.469252,33.596233,63.29510524891281,2.24,5.08,2.03,9.35,1.83
KHC,The Kraft Heinz Company,Consumer Defensive,Increase,Above Fair Price,UnderValued,Not Sustainable,38.459999084472656,-3.8371963200112713,47.077B,Large,1.08,1.86,-0.024399999999999998,14.568181,20.699677,4.38139167662279,14.63,6.75,13.09,34.47,75.81
KIM,Kimco Realty Corporation,Real Estate,Decrease,Above Fair Price,UnderValued,Sustainable,23.799999237060547,7.827350431445335,14.671B,Large,1.51,2.02,0.046,35.522385,11.788013,5.073020035183589,3.86,5.38,3.89,13.14,6.1
KLAC,KLA Corporation,Technology,Increase,Above Fair Price,OverValued,Sustainable,358.29998779296875,27.98597730988761,54.326B,Large,1.21,17.62,0.1963,16.869114,20.337154,255.5915237580111,4.76,5.02,7.13,16.91,14.61
KMB,Kimberly-Clark Corporation,Consumer Defensive,Increase,Above Fair Price,OverValued,Average,133.14999389648438,10.399633457418322,44.834B,Large,0.5,5.88,-0.0096,19.725925,22.636858,17.34517152332411,7.77,6.42,8.05,22.24,31.66
KMI,"Kinder Morgan, Inc.",Energy,Increase,Above Fair Price,UnderValued,Sustainable,16.600000381469727,-1.8156284744487383,37.639B,Large,1.02,0.77,0.0739,16.116507,21.614584,4.493674687271357,7.32,3.48,7.75,18.55,19.48
KMX,CarMax Inc,Consumer Cyclical,Increase,Above Fair Price,UnderValued,Sustainable,105.63999938964844,13.433976083692567,17.1B,Large,1.49,7.26,0.16399999999999998,14.431694,14.552969,58.905315835873004,7.92,3.98,0.08,11.97,4.18
KO,Coca-Cola Company (The),Consumer Defensive,Increase,Above Fair Price,UnderValued,Average,62.540000915527344,9.690240739977307,270.137B,Large,0.69,2.03,0.0968,25.736626,30.792715,20.407059818982,9.72,4.88,7.88,22.48,32.62
KR,Kroger Company (The),Consumer Defensive,Increase,Above Fair Price,OverValued,Not Sustainable,45.59000015258789,17.05064876922262,33.52B,Large,0.45,1.33,0.0658,13.448378,34.407547,11.541871558860485,9.33,5.77,5.19,20.29,25.07
L,Loews Corporation,Financial Services,Decrease,Above Fair Price,UnderValued,Sustainable,61.599998474121094,5.3610500752957035,15.627B,Large,0.94,6.15,0.14029999999999998,21.241379,10.014631,28.534589405136334,3.44,11.46,0.57,15.48,10.84
LDOS,"Leidos Holdings, Inc.",Technology,Increase,Above Fair Price,OverValued,Sustainable,93.01000213623047,18.546538833091255,13.053B,Large,0.82,5.42,0.096,13.344334,17.160517,30.165746899653147,6.72,6.03,1.31,14.07,8.01
LEN,Lennar Corporation,Consumer Cyclical,Increase,Above Fair Price,UnderValued,Average,89.43000030517578,15.584933390626388,27.097B,Large,1.5,14.27,0.237,5.242087,6.2669935,86.1985489764955,9.33,5.67,9.53,24.53,40.38
LH,Laboratory Corporation of Ameri,Healthcare,Decrease,Above Fair Price,UnderValued,Sustainable,264.4700012207031,11.66393526525109,25.31B,Large,1.01,28.19,-0.09,15.112572,9.382694,16.087353341088782,7.67,7.19,0.67,15.53,10.97
LKQ,LKQ Corporation,Consumer Cyclical,Increase,Below Fair Price,UnderValued,Sustainable,49.16999816894531,11.7356398169294,14.333B,Large,1.62,3.44,0.335,12.323308,14.310244,94.23805496790185,4.97,3.81,4.08,12.87,5.57
LLY,Eli Lilly and Company,Healthcare,Increase,Above Fair Price,OverValued,Not Sustainable,240.30999755859375,23.353725065191554,229.879B,Large,0.36,6.55,0.0708,32.084114,36.68855,63.217388573609355,17.4,11.79,3.12,32.31,69.17
LMT,Lockheed Martin Corporation,Industrials,Increase,Above Fair Price,OverValued,Average,386.4599914550781,19.816196871647705,106.58B,Large,0.92,21.71,0.048,14.705479,17.801834,83.7655714129616,15.93,7.61,5.27,28.81,56.76
LNC,Lincoln National Corporation,Financial Services,Increase,Below Fair Price,UnderValued,Sustainable,69.6500015258789,13.089603055455212,12.586B,Large,2.11,6.97,0.4393,6.252244,9.98996,262.3299624539252,6.12,8.95,1.85,16.91,14.65
LNT,Alliant Energy Corporation,Utilities,Increase,Above Fair Price,OverValued,Average,57.099998474121094,14.058124684184016,14.296B,Large,0.38,2.53,0.061,20.839415,22.533545,13.806320096320498,5.65,6.67,10.04,22.36,32.15
LOW,"Lowe's Companies, Inc.",Consumer Cyclical,Increase,Above Fair Price,OverValued,Sustainable,222.69000244140625,25.29845153525492,150.037B,Large,1.29,11.47,0.16699999999999998,17.26279,19.420074,127.0987981620406,4.63,3.32,3.7,11.66,3.78
LRCX,Lam Research Corporation,Technology,Increase,Above Fair Price,OverValued,Sustainable,569.989990234375,31.714998969969166,80.254B,Large,1.17,29.59,0.1606,15.55225,19.264229,309.54880699476314,4.52,5.27,5.11,14.9,9.5
LYB,LyondellBasell Industries NV,Basic Materials,Decrease,Below Fair Price,UnderValued,Average,99.83999633789062,16.024622598013273,33.225B,Large,1.47,17.12,0.47009999999999996,6.564102,5.8314347,455.08289958650124,2.13,6.12,16.64,24.89,41.74
MA,Mastercard Incorporated,Financial Services,Increase,Below Fair Price,OverValued,Sustainable,369.95001220703125,25.715348516254743,363.497B,Large,1.14,8.13,0.2618,35.132954,45.504307,426.331281021369,8.1,8.81,0.32,17.23,15.47
MAA,Mid-America Apartment Communiti,Real Estate,Decrease,Above Fair Price,OverValued,Sustainable,204.44000244140625,16.9645280243488,23.539B,Large,0.68,3.73,0.07,61.951515,54.85377,53.463668259159405,3.74,5.27,5.5,14.51,8.81
MAR,Marriott International,Consumer Cyclical,Increase,Below Fair Price,UnderValued,Average,174.9199981689453,19.016114685858867,56.968B,Large,1.75,1.43,2.3223,32.8797,122.493,1227683.348916019,10.03,4.09,7.95,22.08,31.11
MAS,Masco Corporation,Industrials,Increase,Above Fair Price,OverValued,Average,57.560001373291016,20.3389239854898,14.05B,Large,1.34,1.82,0.154,13.903382,31.591658,29.66098216611251,4.29,7.57,13.9,25.77,45.15
MCD,McDonald's Corporation,Consumer Cyclical,Increase,Above Fair Price,OverValued,Average,250.60000610351562,12.816434626810569,187.26B,Large,0.58,9.7,0.21600000000000003,24.714005,25.835052,207.04878668799935,14.45,5.86,4.11,24.42,39.99
MCHP,Microchip Technology Incorporat,Technology,Increase,Above Fair Price,UnderValued,Not Sustainable,71.77999877929688,20.035587895061436,39.829B,Large,1.54,1.14,0.183,14.619144,62.79965,46.175777573284925,9.13,7.75,13.91,30.79,64.08
MCO,Moody's Corporation,Financial Services,Increase,Above Fair Price,OverValued,Sustainable,323.5799865722656,25.175631015011014,60.154B,Large,1.18,11.16,0.1252,25.539068,28.989428,132.94156696007192,5.23,5.34,0.02,10.59,2.64
MDLZ,"Mondelez International, Inc.",Consumer Defensive,Decrease,Above Fair Price,OverValued,Average,66.0,12.036759249137763,92.068B,Large,0.72,3.14,0.08800000000000001,21.290323,21.012417,20.033422876757516,9.08,5.18,9.46,23.72,37.16
MDT,Medtronic plc.,Healthcare,Increase,Above Fair Price,OverValued,Average,100.58000183105469,12.324374405850369,135.236B,Large,0.81,3.47,0.11460000000000001,16.327923,29.002308,37.977189775562685,13.39,7.66,2.34,23.39,36.0
MET,"MetLife, Inc.",Financial Services,Increase,Above Fair Price,UnderValued,Sustainable,69.55000305175781,10.793064222360439,58.503B,Large,1.26,5.99,0.08349999999999999,9.659723,11.607143,20.337700123134574,4.82,9.2,0.73,14.74,9.19
MGM,MGM Resorts International,Consumer Cyclical,Decrease,Above Fair Price,UnderValued,Average,43.560001373291016,12.504871732396673,20.428B,Large,2.39,1.25,-3.83,51.24706,34.93184,-72260.14623892617,13.08,11.63,3.01,27.71,52.62
MHK,"Mohawk Industries, Inc.",Consumer Cyclical,Decrease,Above Fair Price,UnderValued,Sustainable,148.25999450683594,8.406663809483938,10.042B,Large,1.49,49.9,0.23600000000000002,9.485604,2.9714196,141.8796822816334,4.15,4.27,5.32,13.75,7.31
MKC,"McCormick & Company, Incorporat",Consumer Defensive,Increase,Above Fair Price,OverValued,Average,97.79000091552734,16.77715466660854,26.144B,Large,0.46,2.82,0.068,31.545162,34.677307,25.12610596522938,14.45,5.32,8.96,28.74,56.54
MLM,"Martin Marietta Materials, Inc.",Basic Materials,Increase,Above Fair Price,OverValued,Not Sustainable,383.6700134277344,17.161413825508266,23.934B,Large,0.7,11.65,0.2005,26.011526,32.93305,282.4273815262953,4.86,8.86,18.55,32.28,69.03
MMC,"Marsh & McLennan Companies, Inc",Financial Services,Increase,Above Fair Price,OverValued,Sustainable,152.19000244140625,19.269672703478857,76.84B,Large,0.93,5.29,0.129,22.61367,28.769377,64.46456372856365,7.9,10.79,0.06,18.76,20.04
MMM,3M Company,Industrials,Increase,Above Fair Price,UnderValued,Not Sustainable,147.6199951171875,8.332222195889694,85.066B,Large,0.95,10.11,0.07719999999999999,14.235293,14.59994,40.96932138885615,13.6,8.08,13.2,34.88,76.9
MNST,Monster Beverage Corporation,Consumer Defensive,Increase,Above Fair Price,OverValued,Average,81.2699966430664,16.345121460203018,43.003B,Large,1.09,2.86,0.1421,27.642855,28.416084,38.190635571451025,10.72,5.11,12.43,28.26,54.63
MO,"Altria Group, Inc.",Consumer Defensive,Increase,Above Fair Price,OverValued,Average,51.7400016784668,11.619545429073085,95.046B,Large,0.7,1.49,0.051699999999999996,10.712215,34.631863,11.54458776267989,12.98,6.94,4.66,24.59,40.59
MOS,Mosaic Company (The),Basic Materials,Increase,Above Fair Price,UnderValued,Not Sustainable,45.0,-0.6053963416004171,16.668B,Large,1.76,4.67,0.07,6.401138,9.631849,11.753575092958974,12.03,8.55,16.3,36.87,82.13
MPC,Marathon Petroleum Corporation,Energy,Decrease,Below Fair Price,UnderValued,Average,77.0199966430664,17.018181556234513,47.413B,Large,2.08,14.25,0.43799999999999994,18.251184,5.40643,287.9021209070365,7.01,5.87,15.91,28.78,56.66
MRK,"Merck & Company, Inc.",Healthcare,Increase,Above Fair Price,OverValued,Average,76.37000274658203,11.27611622970328,192.906B,Large,0.49,2.83,0.1533,10.606945,26.947777,39.12726121543886,11.47,9.64,0.79,21.91,30.49
MS,Morgan Stanley,Financial Services,Increase,Below Fair Price,UnderValued,Average,95.41999816894531,20.564599141478766,171.223B,Large,1.53,7.83,1.452,0.62211496,12.183351,43441.233875086684,11.96,9.31,0.72,22.0,30.84
MSCI,MSCI Inc,Financial Services,Increase,Above Fair Price,OverValued,Sustainable,527.0,32.41999059032883,43.449B,Large,0.97,8.24,0.195,47.264576,63.956314,372.22987499989785,5.41,5.39,1.61,12.41,4.85
MSFT,Microsoft Corporation,Technology,Increase,Above Fair Price,OverValued,Sustainable,287.92999267578125,27.32576390149928,2.162T,Large,0.87,8.94,0.1653,27.317837,32.210537,162.16780681748003,8.06,4.73,0.46,13.26,6.32
MSI,"Motorola Solutions, Inc.",Technology,Increase,Above Fair Price,OverValued,Sustainable,217.80999755859375,18.085312700866506,36.787B,Large,0.77,7.24,0.1414,22.045546,30.063492,101.72044362570281,7.51,5.46,1.93,14.89,9.48
MTB,M&T Bank Corporation,Financial Services,Decrease,Above Fair Price,UnderValued,Average,182.35000610351562,11.123759615990236,23.466B,Large,1.08,13.95,0.142,15.679278,13.075434,85.64750121328763,12.77,11.19,2.2,26.16,46.81
MTD,"Mettler-Toledo International, I",Healthcare,Increase,Above Fair Price,OverValued,Sustainable,1408.4599609375,22.937357358497735,32.374B,Large,1.03,31.9,0.17800000000000002,37.740086,44.148197,874.3809961898312,7.18,5.3,0.58,13.06,5.93
MU,"Micron Technology, Inc.",Technology,Increase,Above Fair Price,OverValued,Sustainable,90.80000305175781,27.166954450539027,101.711B,Large,1.14,6.46,0.23800000000000002,7.8887925,14.053553,88.14423180686472,4.2,6.28,7.26,17.73,16.99
NDAQ,"Nasdaq, Inc.",Financial Services,Increase,Above Fair Price,OverValued,Sustainable,171.5399932861328,22.474405729913883,28.685B,Large,0.84,6.87,0.132,22.335938,24.962164,74.39542892621941,4.56,5.56,1.81,11.93,4.12
NDSN,Nordson Corporation,Industrials,Increase,Above Fair Price,OverValued,Average,229.50999450683594,16.983010272180877,13.352B,Large,0.97,7.74,0.13,23.882414,29.652454,97.9934468738917,12.86,5.55,9.55,27.95,53.56
NEE,"NextEra Energy, Inc.",Utilities,Increase,Above Fair Price,OverValued,Average,74.1500015258789,21.316540911106998,145.493B,Large,0.3,0.61,0.09949999999999999,27.062044,120.76547,24.58777075698385,7.54,5.67,13.85,27.06,50.09
NFLX,"Netflix, Inc.",Communication Services,Increase,Below Fair Price,OverValued,Sustainable,391.2900085449219,37.02280978064567,173.323B,Large,0.85,11.09,0.4261,29.892284,35.27996,1356.7470635603165,6.75,9.88,0.12,16.75,14.2
NI,NiSource Inc,Utilities,Increase,Above Fair Price,OverValued,Average,28.450000762939453,15.607336000300931,11.172B,Large,0.32,1.1,0.0352,19.62069,25.981735,5.5458567193191515,10.29,5.13,13.86,29.28,58.63
NKE,"Nike, Inc.",Consumer Cyclical,Increase,Above Fair Price,OverValued,Sustainable,142.9499969482422,20.8607028299294,226.264B,Large,0.96,3.81,0.1564,29.657675,37.519684,75.13569981761786,6.99,7.1,2.71,16.8,14.32
NLOK,NortonLifeLock Inc.,Technology,Increase,Above Fair Price,UnderValued,Sustainable,27.969999313354492,14.727344408584342,16.272B,Large,1.08,1.5,0.127,14.197969,18.696524,11.691138783459488,9.47,5.06,0.7,15.23,10.24
NLSN,Nielsen N.V.,Industrials,Decrease,Above Fair Price,UnderValued,Average,17.309999465942383,-2.224057343915753,6.213B,Large,1.42,2.18,0.053,9.616667,7.9294543,3.9106106250053694,16.9,6.02,0.06,22.98,34.56
NOC,Northrop Grumman Corporation,Industrials,Decrease,Above Fair Price,OverValued,Average,391.25,23.070850201805925,61.558B,Large,0.81,28.35,0.06,15.60008,13.800705,93.94995239634403,15.7,5.32,7.47,28.49,55.56
NOW,"ServiceNow, Inc.",Technology,Increase,Below Fair Price,OverValued,Sustainable,556.010009765625,36.58869309335155,110.646B,Large,1.02,1.09,0.26289999999999997,77.0097,509.6334,645.2001966537406,8.39,5.94,1.41,15.73,11.53
NRG,"NRG Energy, Inc.",Utilities,Decrease,Below Fair Price,UnderValued,Not Sustainable,38.43000030517578,10.027152505428361,9.409B,Large,0.84,9.98,0.431,10.386486,3.8522456,137.4961868257019,8.95,5.55,17.26,31.75,67.25
NSC,Norfolk Southern Corporation,Industrials,Increase,Above Fair Price,UnderValued,Average,270.2200012207031,17.328237496205222,65.757B,Large,1.36,11.62,0.1764,19.666668,23.256733,165.74461175538653,11.36,3.42,8.05,22.83,33.96
NTAP,"NetApp, Inc.",Technology,Increase,Above Fair Price,UnderValued,Sustainable,90.9000015258789,9.932051131628716,20.205B,Large,1.21,4.11,0.08800000000000001,16.497278,22.100657,27.58014249792611,7.73,6.18,2.67,16.58,13.73
NTRS,Northern Trust Corporation,Financial Services,Increase,Above Fair Price,UnderValued,Average,118.5199966430664,12.996913350018314,24.612B,Large,1.16,6.34,0.1866,15.615282,18.694006,78.56338237675797,11.83,10.69,1.87,24.39,39.85
NUE,Nucor Corporation,Basic Materials,Increase,Below Fair Price,UnderValued,Not Sustainable,122.93000030517578,14.08357037246397,35.133B,Large,1.44,16.58,0.34990000000000004,7.352273,7.4156966,260.09996667963486,15.97,9.73,10.88,36.58,81.49
NVDA,NVIDIA Corporation,Technology,Increase,Below Fair Price,OverValued,Sustainable,236.4199981689453,51.71437356277841,589.159B,Large,1.37,3.24,0.3937,45.378117,72.901634,666.0324887032735,4.11,6.13,2.53,12.77,5.4
NVR,"NVR, Inc.",Consumer Cyclical,Increase,Above Fair Price,OverValued,Not Sustainable,4996.0400390625,21.52062235129135,17.4B,Large,0.98,308.41,0.048,12.591779,16.199451,1082.8535704441178,7.82,5.72,7.21,20.75,26.6
NWL,Newell Brands Inc.,Consumer Defensive,Increase,Above Fair Price,UnderValued,Sustainable,25.860000610351562,6.1582560602055025,11.001B,Large,0.96,1.41,0.042199999999999994,13.75532,18.340425,5.331845648967293,5.3,4.16,6.41,15.87,11.85
NWSA,News Corporation,Communication Services,Increase,Above Fair Price,UnderValued,Sustainable,22.149999618530273,4.360382745341762,13.158B,Large,1.4,0.83,0.19399999999999998,21.504854,26.686747,15.527520562905021,5.72,7.45,0.08,13.25,6.3
NXPI,NXP Semiconductors N.V.,Technology,Increase,Above Fair Price,OverValued,Sustainable,187.08999633789062,23.118116956957714,49.753B,Large,1.39,5.59,0.21739999999999998,15.564891,33.498657,156.32495840999422,6.61,5.06,8.18,19.85,23.47
O,Realty Income Corporation,Real Estate,Increase,Above Fair Price,OverValued,Sustainable,66.62999725341797,11.626550613452903,37.697B,Large,0.8,1.27,0.0545,38.51445,52.547318,15.291953665970759,5.46,4.75,4.04,14.25,8.34
OKE,"ONEOK, Inc.",Energy,Increase,Above Fair Price,UnderValued,Average,61.810001373291016,11.555875086127898,27.563B,Large,1.77,3.19,0.0986,16.18063,19.345854,20.446754487987835,8.48,3.41,12.19,24.08,38.55
OMC,Omnicom Group Inc.,Communication Services,Decrease,Above Fair Price,UnderValued,Sustainable,84.12000274658203,8.927949928845713,17.88B,Large,0.84,6.42,0.095,13.123245,13.102804,27.059251951336854,10.52,7.68,0.07,18.27,18.59
ORCL,Oracle Corporation,Technology,Increase,Above Fair Price,UnderValued,Sustainable,74.56999969482422,11.61836484823382,199.135B,Large,0.81,3.54,0.0964,14.1768055,21.047134,24.244147136763065,7.79,6.18,0.5,14.47,8.69
ORLY,"O'Reilly Automotive, Inc.",Consumer Cyclical,Increase,Above Fair Price,OverValued,Sustainable,676.9600219726562,23.1377446600054,45.612B,Large,0.99,28.78,0.12300000000000001,22.022121,23.522709,273.3287863915387,8.89,3.98,0.16,13.03,5.85
PAYX,"Paychex, Inc.",Industrials,Increase,Above Fair Price,OverValued,Sustainable,115.83999633789062,17.622943952694172,41.79B,Large,0.9,3.52,0.12369999999999999,29.932816,32.909092,47.032864744685114,9.81,6.61,1.17,17.59,16.48
PBCT,People's,Financial Services,Increase,Above Fair Price,UnderValued,Average,20.760000228881836,9.612991884947819,8.886B,Large,0.99,0.7,0.1074,19.045872,29.572649,7.369166724703793,11.95,9.78,1.91,23.64,36.9
PCAR,PACCAR Inc.,Industrials,Increase,Below Fair Price,UnderValued,Average,93.80999755859375,10.87923202087573,32.569B,Large,0.94,5.02,0.2825,13.897778,18.68725,125.15693470225713,11.36,8.56,8.3,28.21,54.44
PEAK,"Healthpeak Properties, Inc.",Real Estate,Decrease,Above Fair Price,UnderValued,Sustainable,31.729999542236328,3.880350591135495,17.105B,Large,0.72,1.14,0.028999999999999998,85.75675,27.71179,5.807607328711394,3.03,4.43,3.34,10.8,2.85
PEP,"Pepsico, Inc.",Consumer Defensive,Increase,Above Fair Price,OverValued,Sustainable,167.7100067138672,13.375588853126086,231.884B,Large,0.65,5.87,0.0975,24.882792,28.5707,55.066716797023794,6.55,4.55,4.91,16.01,12.12
PFE,"Pfizer, Inc.",Healthcare,Increase,Below Fair Price,OverValued,Average,48.529998779296875,13.229201234507592,272.393B,Large,0.62,3.5,1.001,0.9817924,13.861753,3546.495712892857,13.54,9.53,1.52,24.6,40.63
PFG,Principal Financial Group Inc,Financial Services,Increase,Above Fair Price,UnderValued,Sustainable,72.4800033569336,13.765704160665804,19.212B,Large,1.6,6.22,0.16469999999999999,10.354286,11.652734,40.62883204828002,6.65,9.66,0.68,17.0,14.84
PG,Procter & Gamble Company (The),Consumer Defensive,Increase,Above Fair Price,OverValued,Average,159.89999389648438,12.844727679215605,386.95B,Large,0.45,5.47,0.0693,25.141508,29.221489,41.521708082242164,10.31,7.36,9.31,26.97,49.73
PGR,Progressive Corporation (The),Financial Services,Decrease,Above Fair Price,OverValued,Average,106.41000366210938,21.575146487760932,62.186B,Large,0.49,6.88,-0.10099999999999999,22.883871,15.46657,5.8010834971486265,8.39,11.02,1.75,21.16,27.86
PH,Parker-Hannifin Corporation,Industrials,Increase,Above Fair Price,UnderValued,Average,300.0299987792969,14.868001273495768,38.558B,Large,1.71,14.35,0.1116,15.362518,20.9153,110.54580929535504,13.68,6.32,9.2,29.2,58.4
PHM,"PulteGroup, Inc.",Consumer Cyclical,Increase,Above Fair Price,UnderValued,Average,48.130001068115234,20.25151853381746,12.186B,Large,1.43,6.47,0.237,5.2601094,7.444702,46.42675575715679,7.31,5.02,8.73,21.06,27.59
PKG,Packaging Corporation of Americ,Consumer Cyclical,Increase,Above Fair Price,OverValued,Sustainable,148.47000122070312,21.065056662812975,13.999B,Large,0.92,7.85,0.16399999999999998,15.913183,18.910967,82.76555992834945,1.41,3.75,8.89,14.05,7.96
PKI,"PerkinElmer, Inc.",Healthcare,Decrease,Below Fair Price,OverValued,Sustainable,179.2100067138672,21.641193782617307,22.616B,Large,1.06,10.02,0.379,27.486197,17.879877,459.19810283865684,10.77,6.25,1.24,18.27,18.61
PLD,"Prologis, Inc.",Real Estate,Decrease,Above Fair Price,OverValued,Sustainable,142.5500030517578,19.03585323816528,105.391B,Large,0.81,2.64,-0.0605,61.70996,53.914524,11.53639727328263,1.74,4.28,2.5,8.53,1.55
PM,Philip Morris International Inc,Consumer Defensive,Increase,Above Fair Price,UnderValued,Average,111.61000061035156,8.17777632503931,173.758B,Large,0.89,5.74,0.1103,17.357698,19.444252,40.67762917005947,10.5,8.72,3.65,22.87,34.15
PNC,"PNC Financial Services Group, I",Financial Services,Increase,Above Fair Price,UnderValued,Average,201.1699981689453,15.63310759595089,85.023B,Large,1.34,10.17,-0.0426,14.267375,19.774893,19.318141580599264,11.75,9.17,1.73,22.64,33.22
PNR,Pentair plc.,Industrials,Increase,Above Fair Price,UnderValued,Average,57.810001373291016,10.231797781779207,9.566B,Large,1.07,3.02,0.17600000000000002,15.416,19.13605,35.335771415164494,13.7,6.59,9.12,29.4,59.05
PNW,Pinnacle West Capital Corporati,Utilities,Decrease,Above Fair Price,OverValued,Average,68.91999816894531,7.7915762919786635,7.775B,Large,0.26,5.04,0.001,17.536896,13.666468,9.878317112314662,9.17,6.1,11.02,26.3,47.36
PPG,"PPG Industries, Inc.",Basic Materials,Increase,Above Fair Price,UnderValued,Average,149.63999938964844,14.330962930283707,35.525B,Large,1.15,5.95,0.166,18.204378,25.145353,84.71320198280587,7.69,7.49,9.32,24.51,40.31
PRU,"Prudential Financial, Inc.",Financial Services,Decrease,Above Fair Price,UnderValued,Sustainable,114.06999969482422,10.454173303822722,43.118B,Large,1.55,18.36,0.08460000000000001,9.053174,6.2133017,33.67526028038843,7.33,8.99,1.05,17.37,15.87
PSA,Public Storage,Real Estate,Increase,Above Fair Price,OverValued,Sustainable,343.55999755859375,13.396635705594306,60.245B,Large,0.21,8.37,0.17,37.46565,41.04169,200.59166838764247,2.55,5.24,4.51,12.3,4.67
PTC,PTC Inc.,Technology,Increase,Above Fair Price,UnderValued,Sustainable,108.86000061035156,15.215257123007708,12.832B,Large,1.28,4.03,0.16449999999999998,21.513834,27.012405,60.927474368499055,12.72,5.66,1.24,19.62,22.82
PVH,PVH Corp.,Consumer Cyclical,Increase,Above Fair Price,UnderValued,Sustainable,100.12999725341797,2.115857634282725,7.007B,Large,2.3,7.0,-0.0604,9.993013,14.306329,8.124614477021192,9.14,5.21,1.17,15.52,10.9
PWR,"Quanta Services, Inc.",Industrials,Increase,Above Fair Price,OverValued,Not Sustainable,102.16999816894531,16.85980846408026,14.559B,Large,1.16,3.81,0.1543,16.776682,26.823313,52.84392836355232,16.8,10.17,8.17,35.14,77.59
PXD,Pioneer Natural Resources Compa,Energy,Increase,Below Fair Price,UnderValued,Not Sustainable,233.3800048828125,8.30772674325495,56.976B,Large,1.84,6.28,0.7775,11.698245,37.16242,5875.4286521289505,8.97,8.95,18.17,36.08,80.42
PYPL,"PayPal Holdings, Inc.",Financial Services,Increase,Above Fair Price,UnderValued,Sustainable,103.6500015258789,10.937530443667253,121.782B,Large,1.16,4.16,0.2043,19.667933,24.921858,78.51910960509818,9.89,5.76,0.74,16.39,13.23
QCOM,QUALCOMM Incorporated,Technology,Increase,Below Fair Price,UnderValued,Sustainable,167.63999938964844,13.351898928454675,187.757B,Large,1.27,7.87,0.2562,14.402061,21.301144,185.6077915916729,4.41,7.83,5.76,18.0,17.84
QRVO,"Qorvo, Inc.",Technology,Increase,Above Fair Price,UnderValued,Not Sustainable,133.1999969482422,6.584279715777708,14.682B,Large,1.38,9.66,0.145,10.129277,13.794532,64.0653080342839,8.91,7.32,16.08,32.3,69.12
RE,"Everest Re Group, Ltd.",Financial Services,Increase,Below Fair Price,OverValued,Sustainable,304.4200134277344,15.4062067888195,11.985B,Large,0.7,25.3,0.6229,10.479175,12.033838,3379.402844703489,7.04,10.26,0.96,18.27,18.59
REG,Regency Centers Corporation,Real Estate,Increase,Above Fair Price,UnderValued,Sustainable,66.5,8.060043401040451,11.386B,Large,1.11,1.94,0.091,34.27835,34.27835,20.69825986709659,2.86,4.55,3.56,10.97,2.98
REGN,"Regeneron Pharmaceuticals, Inc.",Healthcare,Decrease,Above Fair Price,OverValued,Not Sustainable,615.1300048828125,20.010504970580012,66.153B,Large,0.18,62.53,0.13,12.866137,9.837987,262.65768097709855,13.18,7.3,0.03,20.51,25.81
RF,Regions Financial Corporation,Financial Services,Decrease,Below Fair Price,UnderValued,Sustainable,23.700000762939453,17.61286222205305,22.593B,Large,1.45,2.67,0.252,11.449276,8.879731,25.47061738342209,9.78,7.98,1.75,19.51,22.4
RHI,Robert Half International Inc.,Industrials,Increase,Below Fair Price,UnderValued,Sustainable,120.37999725341797,17.39072542016946,13.402B,Large,1.54,4.68,0.31,21.23104,25.73322,194.47827246336195,5.76,3.56,0.07,9.39,1.87
RJF,"Raymond James Financial, Inc.",Financial Services,Increase,Above Fair Price,OverValued,Average,108.5199966430664,18.988037187201122,22.373B,Large,1.19,6.63,0.08539999999999999,13.789072,16.368023,32.24835391278298,12.94,12.3,1.92,27.16,50.51
RL,Ralph Lauren Corporation,Consumer Cyclical,Increase,Below Fair Price,UnderValued,Sustainable,126.58000183105469,-1.430082426718804,9.318B,Large,1.53,5.41,0.7489,15.569496,23.410395,2755.3720429171603,6.63,5.65,1.29,13.57,6.98
RMD,ResMed Inc.,Healthcare,Increase,Above Fair Price,OverValued,Average,231.72999572753906,25.00107901776685,33.768B,Large,0.3,3.41,0.233,33.978004,67.916176,216.81270839070027,12.38,10.71,3.36,26.46,47.9
ROK,"Rockwell Automation, Inc.",Industrials,Increase,Above Fair Price,UnderValued,Sustainable,264.5899963378906,14.61827842621628,30.696B,Large,1.37,11.58,0.1241,22.215786,22.848877,107.77235937995101,7.3,6.08,6.31,19.68,22.97
ROL,"Rollins, Inc.",Consumer Cyclical,Increase,Above Fair Price,OverValued,Not Sustainable,31.1299991607666,19.444626919352004,15.317B,Large,0.57,0.71,0.08199999999999999,40.960526,44.031116,9.031353258700449,11.57,6.8,1.83,20.21,24.72
ROP,"Roper Technologies, Inc.",Industrials,Increase,Above Fair Price,OverValued,Average,440.3299865722656,17.22126522762275,46.448B,Large,1.06,10.54,0.11900000000000001,28.855175,41.788933,172.21148558251153,12.71,5.45,4.62,22.79,33.8
ROST,"Ross Stores, Inc.",Consumer Cyclical,Increase,Below Fair Price,UnderValued,Sustainable,93.47000122070312,14.599657471425465,33.026B,Large,1.03,4.47,0.9373999999999999,17.438433,20.93393,5114.714427186004,8.84,5.68,1.62,16.14,12.51
RSG,"Republic Services, Inc.",Industrials,Increase,Above Fair Price,OverValued,Average,117.54000091552734,17.565097024339305,37.271B,Large,0.77,3.79,0.106,25.386608,31.013193,41.368643052433825,6.01,3.38,11.69,21.07,27.64
SBAC,SBA Communications Corporation,Real Estate,Increase,Below Fair Price,OverValued,Sustainable,290.82000732421875,20.150537092647358,31.636B,Large,0.31,2.61,1.8932,73.07035,111.59632,588011.6489525153,5.98,5.13,3.41,14.52,8.81
SBNY,Signature Bank,Financial Services,Increase,Above Fair Price,UnderValued,Average,335.25,19.51422480169589,20.327B,Large,1.89,13.95,0.0632,19.423523,24.025368,82.69293542023735,13.19,13.13,1.82,28.14,54.16
SCHW,Charles Schwab Corporation (The,Financial Services,Increase,Above Fair Price,OverValued,Average,85.61000061035156,22.388805888027917,161.854B,Large,0.99,2.63,0.22699999999999998,23.200542,32.588505,76.79106518450874,10.16,11.54,2.33,24.03,38.34
SEE,Sealed Air Corporation,Consumer Cyclical,Increase,Above Fair Price,UnderValued,Not Sustainable,69.30999755859375,14.787851675606966,10.269B,Large,1.29,3.04,0.113,16.822815,22.821863,25.844646584687705,2.53,3.56,13.92,20.03,24.06
SHW,Sherwin-Williams Company (The),Basic Materials,Increase,Above Fair Price,OverValued,Average,268.07000732421875,24.352102566258527,70.287B,Large,1.07,7.3,0.12869999999999998,26.281374,36.72695,113.29321217311097,9.41,6.66,12.91,28.98,57.44
SIVB,SVB Financial Group,Financial Services,Decrease,Above Fair Price,UnderValued,Average,613.1300048828125,26.13386183550692,35.983B,Large,1.87,32.6,0.08,20.769987,18.810553,174.2297862831901,12.92,14.11,2.11,29.13,58.05
SJM,J.M. Smucker Company (The) New,Consumer Defensive,Increase,Above Fair Price,OverValued,Not Sustainable,138.99000549316406,9.566770200854812,15.061B,Large,0.32,7.01,0.0161,15.392028,19.83305,22.815239293763117,12.44,6.17,12.36,30.97,64.7
SLB,Schlumberger N.V.,Energy,Increase,Below Fair Price,UnderValued,Average,40.209999084472656,-3.86191585871819,56.4B,Large,2.31,1.16,0.364,24.66871,34.54467,93.08030797217387,9.36,6.53,8.44,24.33,39.58
SNA,Snap-On Incorporated,Industrials,Increase,Above Fair Price,UnderValued,Not Sustainable,215.47000122070312,15.581384506626804,11.535B,Large,1.22,14.65,0.10099999999999999,14.355097,14.704839,72.79024991401371,13.58,7.57,9.39,30.54,63.18
SNPS,"Synopsys, Inc.",Technology,Increase,Above Fair Price,OverValued,Sustainable,287.6300048828125,25.201735726023156,44.133B,Large,1.13,4.81,0.149,31.888025,59.79834,142.69340582440367,9.07,4.21,1.1,14.37,8.54
SO,Southern Company (The),Utilities,Increase,Above Fair Price,OverValued,Not Sustainable,63.77000045776367,8.705449916853336,67.583B,Large,0.48,2.8,0.062,18.014124,22.766869,15.569384061548202,10.64,7.14,15.68,33.46,72.65
SPG,"Simon Property Group, Inc.",Real Estate,Decrease,Above Fair Price,UnderValued,Sustainable,140.9499969482422,5.148245938736773,46.319B,Large,1.52,6.18,0.086,23.144499,22.81852,42.114710178720266,4.33,5.88,4.51,14.72,9.14
SPGI,S&P Global Inc.,Financial Services,Increase,Above Fair Price,OverValued,Sustainable,378.6700134277344,25.777356319285218,91.259B,Large,0.98,11.6,0.0934,25.883118,32.646782,120.22628721942539,5.77,5.35,1.57,12.69,5.26
SRE,DBA Sempra,Utilities,Increase,Above Fair Price,OverValued,Average,135.50999450683594,12.232219555548408,43.273B,Large,0.68,3.49,0.043,16.01773,38.87263,28.165506695999085,7.14,5.5,12.09,24.72,41.16
STT,State Street Corporation,Financial Services,Increase,Above Fair Price,UnderValued,Average,93.38999938964844,11.32268785208861,34.146B,Large,1.61,6.79,0.1382,11.091449,13.760129,42.57444079078486,11.9,7.95,1.48,21.34,28.51
STX,Seagate Technology Holdings PLC,Technology,Increase,Above Fair Price,OverValued,Sustainable,108.63999938964844,20.658481837002405,24.187B,Large,1.06,6.8,0.2187,11.706897,15.988226,91.63680371093031,3.8,5.26,1.59,10.66,2.13
STZ,"Constellation Brands, Inc.",Consumer Defensive,Increase,Above Fair Price,OverValued,Average,215.85000610351562,26.88529064818541,40.472B,Large,1.18,3.87,0.09449999999999999,18.199833,55.746387,69.11288539542745,9.27,5.39,9.14,23.8,37.46
SWK,"Stanley Black & Decker, Inc.",Industrials,Increase,Above Fair Price,UnderValued,Average,161.7899932861328,10.165262156415933,26.377B,Large,1.38,11.05,0.1164,13.618686,14.642954,61.952504454203584,12.34,7.96,5.83,26.11,46.63
SWKS,"Skyworks Solutions, Inc.",Technology,Increase,Above Fair Price,OverValued,Not Sustainable,136.5800018310547,19.816076398271566,22.589B,Large,1.11,8.97,0.1255,10.612277,15.22631,56.25822760961071,9.51,8.5,14.92,32.93,71.11
SYF,Synchrony Financial,Financial Services,Decrease,Below Fair Price,UnderValued,Sustainable,43.41999816894531,8.02665312720896,23.762B,Large,1.67,7.07,0.384,7.590909,6.1423116,114.99143946107155,11.5,7.1,0.11,18.7,19.89
SYK,Stryker Corporation,Healthcare,Increase,Above Fair Price,OverValued,Not Sustainable,248.13999938964844,18.17837590750426,93.608B,Large,0.99,4.97,0.1333,24.399214,49.947666,108.8090523012613,14.8,11.94,4.21,30.96,64.62
SYY,Sysco Corporation,Consumer Defensive,Increase,Below Fair Price,UnderValued,Sustainable,83.55000305175781,14.254060791658318,42.832B,Large,1.34,1.33,0.5309,19.845606,62.725227,547.652067135255,5.03,4.74,2.36,12.14,4.36
T,AT&T Inc.,Communication Services,Increase,Above Fair Price,UnderValued,Average,23.8700008392334,3.574682850940536,170.456B,Large,0.68,0.13,0.0353,7.436137,185.03877,4.671877561613626,13.15,6.76,2.27,22.17,31.43
TDG,Transdigm Group Incorporated,Industrials,Increase,Below Fair Price,OverValued,Not Sustainable,648.9600219726562,26.873618672709675,35.854B,Large,1.59,10.39,0.259,30.727272,62.436024,732.7769478408561,17.85,8.29,12.84,38.98,85.86
TEL,TE Connectivity Ltd. New Switze,Technology,Increase,Above Fair Price,UnderValued,Sustainable,143.47999572753906,17.21378435397487,46.819B,Large,1.34,6.79,0.1036,18.139065,21.1373,49.53520367750192,4.51,4.93,6.65,16.09,12.34
TER,"Teradyne, Inc.",Technology,Increase,Above Fair Price,OverValued,Sustainable,114.83000183105469,22.162575619476833,18.718B,Large,1.38,5.31,0.16760000000000003,17.803102,21.629309,65.83750800401415,6.0,5.78,6.97,18.74,19.97
TFX,Teleflex Incorporated,Healthcare,Increase,Above Fair Price,OverValued,Average,315.7799987792969,18.708690435547393,14.793B,Large,1.1,9.14,0.11,22.175562,34.53412,114.76007931700985,16.53,7.67,4.8,29.01,57.59
TGT,Target Corporation,Consumer Defensive,Decrease,Above Fair Price,OverValued,Sustainable,204.38999938964844,17.761618317523254,97.928B,Large,1.02,13.59,0.14800000000000002,15.2757845,15.043056,100.62872328794495,7.56,5.06,2.17,14.79,9.26
TJX,"TJX Companies, Inc. (The)",Consumer Cyclical,Increase,Below Fair Price,OverValued,Sustainable,66.1500015258789,16.013347443761305,78.909B,Large,0.95,2.17,1.344,19.74627,30.526073,20111.227535299175,7.21,5.61,2.03,14.84,9.36
TMO,Thermo Fisher Scientific Inc,Healthcare,Increase,Above Fair Price,OverValued,Sustainable,537.1400146484375,25.93107629052087,211.659B,Large,0.74,21.54,0.11800000000000001,24.718822,24.932232,208.2919719258611,6.03,6.66,1.55,14.24,8.32
TMUS,"T-Mobile US, Inc.",Communication Services,Increase,Below Fair Price,OverValued,Average,123.9800033569336,22.148964726530494,154.857B,Large,0.55,2.66,0.426,38.265434,46.609024,429.651978748971,13.39,7.31,2.72,23.41,36.1
TPR,"Tapestry, Inc.",Consumer Cyclical,Increase,Above Fair Price,UnderValued,Sustainable,39.470001220703125,-3.2569458913286886,10.86B,Large,1.49,2.92,0.08800000000000001,10.043257,13.507872,11.976206824222318,8.35,4.7,1.23,14.28,8.42
TRMB,Trimble Inc.,Technology,Increase,Above Fair Price,UnderValued,Sustainable,68.3499984741211,10.37939581953744,17.156B,Large,1.54,2.2,0.1,23.091215,31.110605,22.937957577769286,3.72,5.94,3.17,12.83,5.51
TROW,"T. Rowe Price Group, Inc.",Financial Services,Increase,Above Fair Price,UnderValued,Sustainable,143.47000122070312,12.115743922026901,32.883B,Large,1.22,13.27,0.122,10.746817,10.8116045,57.462726241734494,9.01,5.36,2.36,16.74,14.16
TRV,"The Travelers Companies, Inc.",Financial Services,Decrease,Above Fair Price,OverValued,Sustainable,170.6300048828125,13.83876998679141,41.977B,Large,0.78,14.28,0.0855,13.596016,11.948043,50.74378702510994,7.57,10.75,1.12,19.43,22.15
TSCO,Tractor Supply Company,Consumer Cyclical,Increase,Above Fair Price,OverValued,Sustainable,214.17999267578125,19.084768578976053,24.377B,Large,0.91,7.82,0.1165,24.618391,27.385244,82.0618598677059,6.58,4.26,2.89,13.73,7.26
TSLA,"Tesla, Inc.",Consumer Cyclical,Increase,Below Fair Price,OverValued,Average,856.97998046875,61.96163711823181,860.631B,Large,2.04,3.06,0.7295,97.828766,279.8759,16852.388714734585,16.16,9.61,2.78,28.54,55.73
TSN,"Tyson Foods, Inc.",Consumer Defensive,Decrease,Above Fair Price,OverValued,Not Sustainable,92.2699966430664,19.171637724038316,33.501B,Large,0.82,8.34,0.075,12.108924,11.063548,25.143520997934473,12.39,10.53,14.31,37.23,82.77
TT,Trane Technologies plc,Industrials,Increase,Above Fair Price,OverValued,Sustainable,152.3300018310547,21.735338466576337,36.184B,Large,1.22,5.56,0.2229,21.823782,27.387632,132.3845249820777,3.18,5.19,7.31,15.68,11.44
TXN,Texas Instruments Incorporated,Technology,Increase,Above Fair Price,OverValued,Not Sustainable,166.74000549316406,20.56102242405997,153.989B,Large,0.93,7.79,0.1,20.260027,21.409863,55.89525651196679,5.02,6.47,8.8,20.28,25.02
TXT,Textron Inc.,Industrials,Increase,Above Fair Price,UnderValued,Not Sustainable,69.5199966430664,9.858786359589079,15.324B,Large,1.75,3.4,0.2357,19.583097,20.447058,66.37684520647836,16.23,7.07,11.05,34.36,75.58
UAA,"Under Armour, Inc.",Consumer Cyclical,Decrease,Below Fair Price,UnderValued,Sustainable,16.540000915527344,4.835080125565638,7.238B,Large,1.25,0.94,0.278,20.93671,17.502647,21.26663185093117,8.34,6.15,1.76,16.25,12.8
UDR,"UDR, Inc.",Real Estate,Increase,Above Fair Price,OverValued,Sustainable,54.2400016784668,11.915893981086946,16.77B,Large,0.73,0.18,-0.3421,200.88889,301.33334,0.17801152026543568,3.83,5.28,3.2,12.31,4.71
UHS,"Universal Health Services, Inc.",Healthcare,Decrease,Above Fair Price,UnderValued,Not Sustainable,134.7899932861328,13.073138505624149,10.834B,Large,1.16,12.42,0.0821,11.012255,10.850036,38.96267711566801,18.75,8.82,3.33,30.9,64.46
ULTA,"Ulta Beauty, Inc.",Consumer Cyclical,Increase,Below Fair Price,UnderValued,Sustainable,375.8299865722656,16.565288892627585,20.34B,Large,1.65,15.6,0.6203,20.99609,24.087034,4111.083077588524,7.23,5.01,3.83,16.07,12.3
UNH,UnitedHealth Group Incorporated,Healthcare,Increase,Above Fair Price,OverValued,Sustainable,467.80999755859375,25.796808580863818,440.607B,Large,0.84,16.11,0.1417,21.607853,29.036682,219.12906185761415,11.52,5.89,0.03,17.44,16.11
UNP,Union Pacific Corporation,Industrials,Increase,Above Fair Price,OverValued,Average,251.19000244140625,18.7204623339569,161.484B,Large,1.19,9.34,0.1668,22.072935,26.90841,143.1832242481171,12.14,3.65,9.43,25.22,43.05
UPS,"United Parcel Service, Inc.",Industrials,Increase,Above Fair Price,UnderValued,Not Sustainable,209.36000061035156,13.906448092407997,181.964B,Large,1.12,7.36,0.1748,17.302479,28.46499,126.92691710824278,9.26,5.31,5.59,20.16,24.58
URI,"United Rentals, Inc.",Industrials,Increase,Above Fair Price,UnderValued,Sustainable,311.82000732421875,22.95061011739097,22.574B,Large,1.91,16.53,0.21230000000000002,12.180469,18.85932,250.59896371609742,6.45,5.93,5.89,18.26,18.57
USB,U.S. Bancorp,Financial Services,Decrease,Above Fair Price,UnderValued,Not Sustainable,57.099998474121094,9.922103376692547,84.668B,Large,1.09,4.98,0.1306,13.310023,11.458961,24.481885100821422,15.85,12.49,1.71,30.05,61.64
VFC,V.F. Corporation,Consumer Cyclical,Increase,Below Fair Price,UnderValued,Sustainable,59.16999816894531,8.172010900711847,23.241B,Large,1.48,3.12,0.45740000000000003,15.905913,18.964745,249.45943215561533,6.83,4.96,0.94,12.73,5.33
VMC,Vulcan Materials Company (Holdi,Basic Materials,Increase,Above Fair Price,OverValued,Average,185.30999755859375,15.607961023593674,24.592B,Large,0.63,4.85,0.19149999999999998,29.461048,38.20825,127.47785482984925,4.56,9.05,15.61,29.22,58.45
VRSK,"Verisk Analytics, Inc.",Industrials,Increase,Above Fair Price,OverValued,Not Sustainable,189.3000030517578,16.73254841786429,30.508B,Large,0.76,4.28,0.09949999999999999,31.65552,44.22897,63.182548457451595,13.5,6.41,0.11,20.01,23.99
VRSN,"VeriSign, Inc.",Technology,Increase,Above Fair Price,OverValued,Average,208.22000122070312,18.756689160250705,23.129B,Large,0.85,5.43,0.08,33.74716,38.381565,59.21418403804842,12.87,6.28,3.04,22.19,31.5
VRTX,Vertex Pharmaceuticals Incorpor,Healthcare,Increase,Above Fair Price,OverValued,Average,229.61000061035156,19.78001991744842,58.379B,Large,0.6,8.34,0.1025,17.135075,27.537779,78.55824727946393,17.22,7.68,0.15,25.05,42.32
VTR,"Ventas, Inc.",Real Estate,Decrease,Above Fair Price,UnderValued,Sustainable,52.939998626708984,2.843299377442343,21.132B,Large,1.2,0.53,-0.19699999999999998,2647.0,100.075615,1.0464861524436988,4.28,5.2,2.75,12.22,4.52
VZ,Verizon Communications Inc.,Communication Services,Increase,Above Fair Price,OverValued,Sustainable,53.83000183105469,8.154487803936394,225.965B,Large,0.41,5.32,0.0379,9.968518,10.118421,10.693341246474414,9.28,5.7,1.72,16.7,14.01
WAB,Westinghouse Air Brake Technolo,Industrials,Increase,Above Fair Price,UnderValued,Not Sustainable,96.86000061035156,11.072352628680582,18.095B,Large,,2.41,0.073,19.889118,40.207558,25.96639614989286,14.08,7.7,10.41,32.18,68.72
WAT,Waters Corporation,Healthcare,Increase,Above Fair Price,OverValued,Sustainable,316.17999267578125,13.716221929178829,19.298B,Large,0.84,11.16,0.106,26.817642,28.331541,111.28073248082661,10.67,6.14,1.48,18.29,18.68
WBA,"Walgreens Boots Alliance, Inc.",Healthcare,Increase,Above Fair Price,UnderValued,Sustainable,46.61000061035156,5.675531385018684,40.268B,Large,0.55,2.93,0.029300000000000003,9.139216,15.891579,8.582263958588376,11.52,4.73,2.13,18.38,18.95
WDC,Western Digital Corporation,Technology,Increase,Above Fair Price,UnderValued,Sustainable,55.529998779296875,5.801380031072001,17.304B,Large,1.54,4.78,0.2,6.183742,11.617154,40.723800263345716,4.15,5.59,2.28,12.02,4.24
WEC,"WEC Energy Group, Inc.",Utilities,Increase,Above Fair Price,OverValued,Average,90.0,14.017995731611222,28.389B,Large,0.25,4.15,0.066,20.930231,21.686747,22.73771366070027,7.4,5.43,14.68,27.52,51.83
WELL,Welltower Inc.,Real Estate,Decrease,Above Fair Price,UnderValued,Sustainable,82.86000061035156,9.258944584801586,36.067B,Large,1.01,1.03,0.13,82.039604,80.057976,35.20766825489622,3.22,4.91,3.87,12.0,4.21
WFC,Wells Fargo & Company,Financial Services,Decrease,Below Fair Price,UnderValued,Not Sustainable,55.630001068115234,9.160999580331497,221.81B,Large,1.31,4.19,1.1586,14.874331,13.270515,8041.569058120335,15.4,15.51,1.94,32.84,70.84
WHR,Whirlpool Corporation,Consumer Cyclical,Decrease,Above Fair Price,UnderValued,Sustainable,204.5399932861328,14.119637722941958,12.424B,Large,1.75,31.35,0.085,8.129571,6.524194,60.57891581852779,6.83,4.61,6.74,18.17,18.29
WM,"Waste Management, Inc.",Industrials,Increase,Above Fair Price,OverValued,Sustainable,142.3300018310547,18.11153107256849,59.539B,Large,0.83,4.12,0.1537,25.737793,34.54612,73.25241853387747,3.46,3.27,7.8,14.53,8.84
WMB,"Williams Companies, Inc. (The)",Energy,Increase,Above Fair Price,UnderValued,Not Sustainable,29.6200008392334,5.820337456737645,35.989B,Large,1.46,0.82,0.02,23.140627,36.121952,5.03125177095595,8.52,3.2,8.98,20.7,26.43
WMT,Walmart Inc.,Consumer Defensive,Increase,Above Fair Price,OverValued,Average,137.99000549316406,11.267639590854483,382.768B,Large,0.52,2.84,0.081,20.534227,48.58803,39.53377786954991,16.72,6.31,4.4,27.42,51.48
WRB,W.R. Berkley Corporation,Financial Services,Decrease,Above Fair Price,OverValued,Average,90.47000122070312,16.420197559207274,15.981B,Large,0.85,5.57,0.09,17.364683,16.256964,27.95262265449273,7.59,14.67,2.04,24.31,39.45
WY,Weyerhaeuser Company,Real Estate,Decrease,Above Fair Price,UnderValued,Sustainable,39.18000030517578,10.718489069873227,29.348B,Large,1.75,3.31,0.05,20.951872,11.833282,8.636272574602344,3.29,3.78,10.48,17.56,16.38
XEL,Xcel Energy Inc.,Utilities,Increase,Above Fair Price,OverValued,Average,66.0,13.235450286538896,35.553B,Large,0.37,2.92,0.069,20.820189,22.57182,17.07804752537374,6.57,4.5,12.63,23.7,37.05
XRAY,DENTSPLY SIRONA Inc.,Healthcare,Increase,Below Fair Price,UnderValued,Not Sustainable,55.09000015258789,4.23667540031607,12.043B,Large,0.91,1.9,0.24969999999999998,17.269592,28.964249,58.15100741248346,10.42,6.55,3.15,20.12,24.4
XYL,Xylem Inc.,Industrials,Increase,Above Fair Price,UnderValued,Sustainable,90.66000366210938,14.12696458259144,16.348B,Large,1.03,2.55,0.18760000000000002,30.220001,35.56689,60.576923565810674,7.58,5.08,3.3,15.95,12.05
YUM,"Yum! Brands, Inc.",Consumer Cyclical,Decrease,Above Fair Price,UnderValued,Average,125.80000305175781,12.452702373425328,36.876B,Large,1.11,5.18,0.1521,25.414143,24.295095,63.966029220653276,13.08,4.7,3.9,21.68,29.73
ZBH,"Zimmer Biomet Holdings, Inc.",Healthcare,Increase,Above Fair Price,UnderValued,Average,121.0199966430664,7.981382510939228,25.282B,Large,1.25,3.91,0.0975,15.089774,30.919773,39.69568088442066,13.62,9.93,4.53,28.08,54.02
ZTS,Zoetis Inc.,Healthcare,Increase,Above Fair Price,OverValued,Sustainable,191.32000732421875,20.743476532822335,90.518B,Large,0.65,4.15,0.13570000000000002,36.8632,46.112316,85.49232050202265,7.7,9.1,1.38,18.18,18.34
